BEGIN,EntityId=123456,Frequency=adhoc
EntityId=456789,ReportTypeName=Multiple,Frequency=adhoc,FromDate=2024-10-19,ToDate=2024-10-20,GenerationDate=2025-01-24,GenerationTime=10:56:01
Record Type,Transaction Division External Identifier,Dispute Type Code,Category,Financial Non-Financial Code,Count,Presentment Currency Amount,Presentment Currency Code,Settlement Currency Amount,Settlement Currency Code,,,,,,,,,,,,,,,,,,,,,,,,,
DisputeSummary,124706,BEGINV,CB,NON,1,509,CAD,509,CAD,,,,,,,,,,,,,,,,,,,,,,,,,
DisputeSummary,124706,RTM,CB,NON,-1,-509,CAD,-509,CAD,,,,,,,,,,,,,,,,,,,,,,,,,
DisputeSummary,124707,BEGINV,CB,NON,1,8.91,CAD,8.91,CAD,,,,,,,,,,,,,,,,,,,,,,,,,
DisputeSummary,124707,RTM,CB,NON,-1,-8.91,CAD,-8.91,CAD,,,,,,,,,,,,,,,,,,,,,,,,,
DisputeSummary,124708,BEGINV,CB,NON,1,196.44,USD,196.44,USD,,,,,,,,,,,,,,,,,,,,,,,,,
DisputeSummary,124708,ENDINV,CB,NON,3,422.25,USD,422.25,USD,,,,,,,,,,,,,,,,,,,,,,,,,
DisputeSummary,124708,RECD,CB,FIN,2,225.81,USD,225.81,USD,,,,,,,,,,,,,,,,,,,,,,,,,
DisputeSummary,124709,BEGINV,ECP,NON,1,202.7,CAD,202.7,CAD,,,,,,,,,,,,,,,,,,,,,,,,,
DisputeSummary,124709,ENDINV,ECP,NON,1,202.7,CAD,202.7,CAD,,,,,,,,,,,,,,,,,,,,,,,,,
DisputeSummary,125841,BEGINV,ECP,NON,1,95.84,CAD,95.84,CAD,,,,,,,,,,,,,,,,,,,,,,,,,
DisputeSummary,125841,ENDINV,ECP,NON,1,95.84,CAD,95.84,CAD,,,,,,,,,,,,,,,,,,,,,,,,,
DisputeSummary,125845,RTM,AJ,NON,1,-61.73,USD,-61.73,USD,,,,,,,,,,,,,,,,,,,,,,,,,
DisputeSummary,125846,RTM,AJ,NON,1,-293.44,USD,-293.44,USD,,,,,,,,,,,,,,,,,,,,,,,,,
Record Type,Transaction Division External Identifier,Dispute Transaction Sequence Number,Dispute Type Code,Category,Issuer Dispute Presentment Currency Amount,Current Action Presentment Currency Amount,Presentment Currency Code,Merchant Order Number,Account Number,Consumer Name,Payment Method Code,Payment Brand Dispute Reason Code,Payment Brand Dispute Reason Text,ECP Reason Category Classification,ECP Reason Category Classification Text,Transaction Date,Dispute Initiate Date,Activity Date,Dispute Due Date,Dispute Usage Code,Accountholder Authorization Method,Accountholder Authorization Method Text,Acquirer Reference Number,Issuer Dispute Settlement Currency Amount,Current Action Settlement Currency Amount,Settlement Currency Code,Authorization Date,Action Code,Cardholder Debit Credit Indicator,Adjustment Number,Ticket Number,Status Flag Code,Digital Token Method Code,Potential Bundled Chargebacks Indicator
DisputeDetails,124706,725790246,CB,RTM,-509,-509,CAD,5.16E+13,452088XXXXXX1234,,VI,10.4,FRAUD TRANS - CARD ABSENT ENVIRONMENT,,,10/4/2024,10/17/2024,10/20/2024,11/4/2024,9,,,7.45E+22,-509,-509,CAD,00:00.0,,,,,,0,
DisputeDetails,124707,725790247,CB,RTM,-8.91,-8.91,CAD,5.16E+13,452088XXXXXX1234,,VI,10.4,FRAUD TRANS - CARD ABSENT ENVIRONMENT,,,10/4/2024,10/17/2024,10/20/2024,11/4/2024,9,,,7.45E+22,-8.91,-8.91,CAD,00:00.0,,,,,,0,
DisputeDetails,124708,725816105,CB,ENDINV,196.44,196.44,USD,1.28E+13,452088XXXXXX1234,,VI,10.4,FRAUD TRANS - CARD ABSENT ENVIRONMENT,,,10/10/2024,10/17/2024,10/19/2024,11/4/2024,9,,,2.47E+22,196.44,196.44,USD,00:00.0,,,,,,0,
DisputeDetails,124708,725879106,CB,ENDINV,68.1,68.1,USD,1.28E+13,452088XXXXXX1234,,VI,10.4,FRAUD TRANS - CARD ABSENT ENVIRONMENT,,,10/4/2024,10/18/2024,10/20/2024,11/5/2024,9,,,2.47E+22,68.1,68.1,USD,00:00.0,,,,,,0,
DisputeDetails,124708,725879305,CB,ENDINV,157.71,157.71,USD,1.27E+13,452088XXXXXX1234,,VI,10.4,FRAUD TRANS - CARD ABSENT ENVIRONMENT,,,8/29/2024,10/18/2024,10/20/2024,11/5/2024,9,,,2.47E+22,157.71,157.71,USD,00:00.0,,,,,,0,
DisputeDetails,124708,725879106,CB,RECD,68.1,68.1,USD,1.28E+13,452088XXXXXX1234,,VI,10.4,FRAUD TRANS - CARD ABSENT ENVIRONMENT,,,10/4/2024,10/18/2024,10/20/2024,11/5/2024,9,,,2.47E+22,68.1,68.1,USD,00:00.0,,,,,,0,
DisputeDetails,124708,725879305,CB,RECD,157.71,157.71,USD,1.27E+13,452088XXXXXX1234,,VI,10.4,FRAUD TRANS - CARD ABSENT ENVIRONMENT,,,8/29/2024,10/18/2024,10/20/2024,11/5/2024,9,,,2.47E+22,157.71,157.71,USD,00:00.0,,,,,,0,
DisputeDetails,124709,663976627,ECP,ENDINV,202.7,202.7,CAD,2.11E+11,XXX1234,,EC,R01,INSUFFICIENT FUNDS,1,Insufficient / Uncollected Funds,10/20/2023,10/25/2023,10/26/2023,,1,,PPD,,202.7,202.7,CAD,00:00.0,,,,,,0,
DisputeDetails,125841,663976426,ECP,ENDINV,95.84,95.84,CAD,2.06E+11,XXX1234,,EC,R01,INSUFFICIENT FUNDS,1,Insufficient / Uncollected Funds,10/19/2023,10/25/2023,10/26/2023,,1,,PPD,,95.84,95.84,CAD,00:00.0,,,,,,0,
DisputeDetails,125845,725773994,AJ,RTM,-61.73,-61.73,USD,1.19E+13,531260XXXXXX1234,,PP,A04,FRAUDULENT TRANSACTION,,,10/7/2024,10/18/2024,10/20/2024,11/11/2024,,,,51332768,-61.73,-61.73,USD,00:00.0, ,C,,,,0,
DisputeDetails,125846,725774129,AJ,RTM,-293.44,-293.44,USD,1.72E+14,531260XXXXXX1234,,PP,A17,CREDIT NOT PROCESSED,,,9/3/2024,10/18/2024,10/20/2024,11/11/2024,,,,653264589,-293.44,-293.44,USD,00:00.0, ,C,,,,0,
DisputeDetails,221828,725835874,CB,ENDINV,112.69,112.69,USD,3.38E+12,452088XXXXXX1234,,VI,12.6.1,DUPLICATE PROCESSING,,,10/15/2024,10/17/2024,10/19/2024,11/10/2024,9,,,2.47E+22,112.69,112.69,USD,00:00.0,,,,,,0,
DisputeDetails,224020,725804445,CB,ENDINV,302.5,302.5,USD,3.43E+11,452088XXXXXX1234,,VI,10.4,FRAUD TRANS - CARD ABSENT ENVIRONMENT,,,10/5/2024,10/17/2024,10/19/2024,11/4/2024,9,,,2.47E+22,302.5,302.5,USD,00:00.0,,,,,,0,
DisputeDetails,224020,725804447,CB,ENDINV,142.59,142.59,USD,3.43E+11,452088XXXXXX1234,,VI,10.4,FRAUD TRANS - CARD ABSENT ENVIRONMENT,,,10/5/2024,10/17/2024,10/19/2024,11/4/2024,9,,,2.47E+22,142.59,142.59,USD,00:00.0,,,,,,0,
DisputeDetails,232909,725893619,CB,ENDINV,233.95,233.95,USD,2.65E+13,452088XXXXXX1234,,VI,10.4,FRAUD TRANS - CARD ABSENT ENVIRONMENT,,,10/15/2024,10/18/2024,10/20/2024,11/5/2024,9,,,2.47E+22,233.95,233.95,USD,00:00.0,,,,,,0,
DisputeDetails,232909,725893619,CB,RECD,233.95,233.95,USD,2.65E+13,452088XXXXXX1234,,VI,10.4,FRAUD TRANS - CARD ABSENT ENVIRONMENT,,,10/15/2024,10/18/2024,10/20/2024,11/5/2024,9,,,2.47E+22,233.95,233.95,USD,00:00.0,,,,,,0,
DisputeDetails,248328,725888519,CB,ENDINV,476.32,476.32,USD,1.44E+13,452088XXXXXX1234,,VI,10.4,FRAUD TRANS - CARD ABSENT ENVIRONMENT,,,9/24/2024,10/18/2024,10/20/2024,11/5/2024,9,,,2.47E+22,476.32,476.32,USD,00:00.0,,,,,,0,
DisputeDetails,248328,725888519,CB,RECD,476.32,476.32,USD,1.44E+13,452088XXXXXX1234,,VI,10.4,FRAUD TRANS - CARD ABSENT ENVIRONMENT,,,9/24/2024,10/18/2024,10/20/2024,11/5/2024,9,,,2.47E+22,476.32,476.32,USD,00:00.0,,,,,,0,
DisputeDetails,257924,641067929,CB,ENDINV,109.58,109.58,USD,,531260XXXXXX1234,,NP,A04,FRAUDULENT TRANSACTION,,,2/21/2023,6/12/2023,6/12/2023,7/6/2023,1,,,,109.58,109.58,USD,,,,,,,,
DisputeDetails,262979,725846657,CB,ENDINV,235,235,CAD,3.93E+12,541606XXXXXX1234,,MC,37,NO CARDHOLDER AUTHORIZATION,,,8/12/2024,10/19/2024,10/19/2024,11/27/2024,1,,,5.55E+22,235,235,CAD,00:00.0,,,,,,0,
DisputeDetails,262982,725846527,CB,ENDINV,600,600,CAD,4.10E+12,541606XXXXXX1234,,MC,37,NO CARDHOLDER AUTHORIZATION,,,10/9/2024,10/19/2024,10/19/2024,11/27/2024,1,,,5.55E+22,600,600,CAD,00:00.0,,,,,,0,
DisputeDetails,262982,725790064,CB,RTM,-500,-500,CAD,4.09E+12,452088XXXXXX1234,,VI,10.4,FRAUD TRANS - CARD ABSENT ENVIRONMENT,,,10/4/2024,10/17/2024,10/20/2024,11/4/2024,9,,,7.45E+22,-500,-500,CAD,00:00.0,,,,,,0,
DisputeDetails,262987,725846535,CB,ENDINV,10.5,10.5,CAD,4.10E+12,541606XXXXXX1234,,MC,37,NO CARDHOLDER AUTHORIZATION,,,10/9/2024,10/19/2024,10/19/2024,11/27/2024,1,,,5.55E+22,10.5,10.5,CAD,00:00.0,,,,,,0,
DisputeDetails,285189,725774332,AJ,RTM,-216,-216,USD,3.07E+13,531260XXXXXX1234,,PP,A21,NOT AS DESCRIBED/DEFECTED MERCHANDISE,,,9/10/2024,10/18/2024,10/20/2024,11/11/2024,,,,737706020,-216,-216,USD,00:00.0, ,C,,,,0,
DisputeDetails,285194,725900302,CB,ENDINV,50,50,USD,3.10E+13,452088XXXXXX1234,,VI,13.2,CANCELLED RECURRING TRANSACTION,,,9/30/2024,10/18/2024,10/20/2024,11/11/2024,9,,,2.47E+22,50,50,USD,00:00.0,,,,,,0,
DisputeDetails,285194,725900302,CB,RECD,50,50,USD,3.10E+13,452088XXXXXX1234,,VI,13.2,CANCELLED RECURRING TRANSACTION,,,9/30/2024,10/18/2024,10/20/2024,11/11/2024,9,,,2.47E+22,50,50,USD,00:00.0,,,,,,0,
DisputeDetails,285194,725743529,CB,RTM,-6.69,-6.69,USD,3.08E+13,452088XXXXXX1234,,VI,10.4,FRAUD TRANS - CARD ABSENT ENVIRONMENT,,,9/13/2024,10/16/2024,10/20/2024,11/3/2024,9,,,2.47E+22,-6.69,-6.69,USD,00:00.0,,,,,,0,
DisputeDetails,297539,725714947,CB,RTM,-25,-25,USD,3.28E+11,452088XXXXXX1234,,VI,13.7,CREDIT NOT PROCESSED,,,10/1/2024,10/16/2024,10/20/2024,11/9/2024,9,,,2.47E+22,-25,-25,USD,00:00.0,,,,,,0,
DisputeDetails,297541,725714948,CB,RTM,-0.62,-0.62,USD,3.28E+11,452088XXXXXX1234,,VI,13.7,CREDIT NOT PROCESSED,,,10/1/2024,10/16/2024,10/20/2024,11/9/2024,9,,,2.47E+22,-0.62,-0.62,USD,00:00.0,,,,,,0,
DisputeDetails,299491,725773896,AJ,RTM,-204.42,-204.42,USD,1.45E+13,531260XXXXXX1234,,PP,A04,FRAUDULENT TRANSACTION,,,10/7/2024,10/18/2024,10/20/2024,11/11/2024,,,,51328312,-204.42,-204.42,USD,00:00.0, ,C,,,,0,
DisputeDetails,299491,725774864,AJ,RTM,-202,-202,USD,1.43E+13,531260XXXXXX1234,,SP,A04,FRAUDULENT TRANSACTION,,,9/3/2024,10/18/2024,10/20/2024,11/11/2024,,,,654939327,-202,-202,USD,00:00.0, ,C,,,,0,
DisputeDetails,299493,725670726,CB,ENDINV,440.64,440.64,USD,1.43E+13,541606XXXXXX1234,,MC,37,NO CARDHOLDER AUTHORIZATION,,,9/10/2024,10/18/2024,10/18/2024,11/26/2024,1,,,5.54E+22,440.64,440.64,USD,00:00.0,,,,,,0,
DisputeDetails,317784,725799667,CB,ENDINV,409.54,409.54,USD,6.48E+12,531260XXXXXX1234,,SP,A06,CARDHOLDER DISPUTING CHARGE,,,9/25/2024,10/19/2024,10/20/2024,11/12/2024,1,,,,409.54,409.54,USD,00:00.0,,,,,,0,
DisputeDetails,317784,725799668,CB,ENDINV,515.67,515.67,USD,7.59E+12,531260XXXXXX1234,,SP,A06,CARDHOLDER DISPUTING CHARGE,,,10/3/2024,10/19/2024,10/20/2024,11/12/2024,1,,,,515.67,515.67,USD,00:00.0,,,,,,0,
DisputeDetails,317784,725805632,CB,ENDINV,387.94,387.94,USD,7.76E+12,452088XXXXXX1234,,VI,10.4,FRAUD TRANS - CARD ABSENT ENVIRONMENT,,,10/4/2024,10/17/2024,10/19/2024,11/4/2024,9,,,2.47E+22,387.94,387.94,USD,00:00.0,,,,,,0,
DisputeDetails,317784,725813315,CB,ENDINV,291.84,291.84,USD,8.55E+12,452088XXXXXX1234,,VI,10.4,FRAUD TRANS - CARD ABSENT ENVIRONMENT,,,10/12/2024,10/17/2024,10/19/2024,11/4/2024,9,,,2.47E+22,291.84,291.84,USD,00:00.0,,,,,,0,
DisputeDetails,317784,725831288,CB,ENDINV,220.05,220.05,USD,8.85E+12,541606XXXXXX1234,,MC,37,NO CARDHOLDER AUTHORIZATION,,,10/15/2024,10/19/2024,10/19/2024,11/27/2024,1,,,5.54E+22,220.05,220.05,USD,00:00.0,,,,,,0,
DisputeDetails,317784,725831289,CB,ENDINV,140.11,140.11,USD,8.90E+12,541606XXXXXX1234,,MC,37,NO CARDHOLDER AUTHORIZATION,,,10/15/2024,10/19/2024,10/19/2024,11/27/2024,1,,,5.54E+22,140.11,140.11,USD,00:00.0,,,,,,0,
DisputeDetails,317784,725838134,CB,ENDINV,701.35,701.35,USD,8.42E+12,541606XXXXXX1234,,MC,37,NO CARDHOLDER AUTHORIZATION,,,10/11/2024,10/19/2024,10/19/2024,11/27/2024,1,,,5.54E+22,701.35,701.35,USD,00:00.0,,,,,,0,
DisputeDetails,317784,725842234,CB,ENDINV,3001.35,3001.35,USD,8.18E+12,541606XXXXXX1234,,MC,37,NO CARDHOLDER AUTHORIZATION,,,10/9/2024,10/19/2024,10/19/2024,11/27/2024,1,,,5.54E+22,3001.35,3001.35,USD,00:00.0,,,,,,0,
DisputeDetails,317784,725842235,CB,ENDINV,4001.35,4001.35,USD,8.18E+12,541606XXXXXX1234,,MC,37,NO CARDHOLDER AUTHORIZATION,,,10/9/2024,10/19/2024,10/19/2024,11/27/2024,1,,,5.54E+22,4001.35,4001.35,USD,00:00.0,,,,,,0,
DisputeDetails,317784,725842236,CB,ENDINV,2501.35,2501.35,USD,8.18E+12,541606XXXXXX1234,,MC,37,NO CARDHOLDER AUTHORIZATION,,,10/9/2024,10/19/2024,10/19/2024,11/27/2024,1,,,5.54E+22,2501.35,2501.35,USD,00:00.0,,,,,,0,
DisputeDetails,317784,725849107,CB,ENDINV,361.67,361.67,USD,7.49E+12,541606XXXXXX1234,,MC,37,NO CARDHOLDER AUTHORIZATION,,,10/3/2024,10/19/2024,10/19/2024,11/27/2024,1,,,5.54E+22,361.67,361.67,USD,00:00.0,,,,,,0,
DisputeDetails,317784,725879282,CB,ENDINV,217.98,217.98,USD,8.25E+12,452088XXXXXX1234,,VI,10.4,FRAUD TRANS - CARD ABSENT ENVIRONMENT,,,10/9/2024,10/18/2024,10/20/2024,11/5/2024,9,,,2.47E+22,217.98,217.98,USD,00:00.0,,,,,,0,
DisputeDetails,317784,725887561,CB,ENDINV,154.58,154.58,USD,3.42E+12,452088XXXXXX1234,,VI,10.4,FRAUD TRANS - CARD ABSENT ENVIRONMENT,,,8/29/2024,10/18/2024,10/20/2024,11/5/2024,9,,,2.47E+22,154.58,154.58,USD,00:00.0,,,,,,0,
DisputeDetails,317784,725890233,CB,ENDINV,1327.07,1327.07,USD,7.76E+12,452088XXXXXX1234,,VI,10.4,FRAUD TRANS - CARD ABSENT ENVIRONMENT,,,10/5/2024,10/18/2024,10/20/2024,11/5/2024,9,,,2.47E+22,1327.07,1327.07,USD,00:00.0,,,,,,0,
DisputeDetails,317784,725890989,CB,ENDINV,457.4,457.4,USD,6.13E+12,452088XXXXXX1234,,VI,10.4,FRAUD TRANS - CARD ABSENT ENVIRONMENT,,,9/23/2024,10/18/2024,10/20/2024,11/5/2024,9,,,2.47E+22,457.4,457.4,USD,00:00.0,,,,,,0,
DisputeDetails,317784,725893303,CB,ENDINV,3301.35,3301.35,USD,8.10E+12,452088XXXXXX1234,,VI,10.4,FRAUD TRANS - CARD ABSENT ENVIRONMENT,,,10/8/2024,10/18/2024,10/20/2024,11/5/2024,9,,,2.47E+22,3301.35,3301.35,USD,00:00.0,,,,,,0,
DisputeDetails,317784,725893476,CB,ENDINV,917.62,917.62,USD,7.63E+12,452088XXXXXX1234,,VI,10.4,FRAUD TRANS - CARD ABSENT ENVIRONMENT,,,10/4/2024,10/18/2024,10/20/2024,11/5/2024,9,,,2.47E+22,917.62,917.62,USD,00:00.0,,,,,,0,
DisputeDetails,317784,725899246,CB,ENDINV,436.65,436.65,USD,8.84E+12,452088XXXXXX1234,,VI,12.6.1,DUPLICATE PROCESSING,,,10/16/2024,10/18/2024,10/20/2024,11/11/2024,9,,,2.47E+22,436.65,436.65,USD,00:00.0,,,,,,0,
DisputeDetails,317784,725905268,CB,ENDINV,220.75,220.75,USD,8.82E+12,452088XXXXXX1234,,VI,12.6.1,DUPLICATE PROCESSING,,,10/16/2024,10/18/2024,10/20/2024,11/11/2024,9,,,2.47E+22,220.75,220.75,USD,00:00.0,,,,,,0,
DisputeDetails,317784,725911344,CB,ENDINV,601.35,601.35,USD,8.44E+12,452088XXXXXX1234,,VI,10.4,FRAUD TRANS - CARD ABSENT ENVIRONMENT,,,10/12/2024,10/18/2024,10/20/2024,11/5/2024,9,,,2.47E+22,601.35,601.35,USD,00:00.0,,,,,,0,
DisputeDetails,317784,725911953,CB,ENDINV,544.15,544.15,USD,8.43E+12,452088XXXXXX1234,,VI,10.4,FRAUD TRANS - CARD ABSENT ENVIRONMENT,,,10/12/2024,10/18/2024,10/20/2024,11/5/2024,9,,,2.47E+22,544.15,544.15,USD,00:00.0,,,,,,0,
DisputeDetails,317784,725799667,AJ,RECD,409.54,409.54,USD,6.48E+12,531260XXXXXX1234,,SP,A06,CARDHOLDER DISPUTING CHARGE,,,9/25/2024,10/19/2024,10/20/2024,11/12/2024,,,,910418899,409.54,409.54,USD,00:00.0,CR,C,2.41E+13,,,0,
DisputeDetails,317784,725799668,AJ,RECD,515.67,515.67,USD,7.59E+12,531260XXXXXX1234,,SP,A06,CARDHOLDER DISPUTING CHARGE,,,10/3/2024,10/19/2024,10/20/2024,11/12/2024,,,,3457374,515.67,515.67,USD,00:00.0,CR,C,2.41E+13,,,0,
DisputeDetails,317784,725879282,CB,RECD,217.98,217.98,USD,8.25E+12,452088XXXXXX1234,,VI,10.4,FRAUD TRANS - CARD ABSENT ENVIRONMENT,,,10/9/2024,10/18/2024,10/20/2024,11/5/2024,9,,,2.47E+22,217.98,217.98,USD,00:00.0,,,,,,0,
DisputeDetails,317784,725887561,CB,RECD,154.58,154.58,USD,3.42E+12,452088XXXXXX1234,,VI,10.4,FRAUD TRANS - CARD ABSENT ENVIRONMENT,,,8/29/2024,10/18/2024,10/20/2024,11/5/2024,9,,,2.47E+22,154.58,154.58,USD,00:00.0,,,,,,0,
DisputeDetails,317784,725890233,CB,RECD,1327.07,1327.07,USD,7.76E+12,452088XXXXXX1234,,VI,10.4,FRAUD TRANS - CARD ABSENT ENVIRONMENT,,,10/5/2024,10/18/2024,10/20/2024,11/5/2024,9,,,2.47E+22,1327.07,1327.07,USD,00:00.0,,,,,,0,
DisputeDetails,317784,725890989,CB,RECD,457.4,457.4,USD,6.13E+12,452088XXXXXX1234,,VI,10.4,FRAUD TRANS - CARD ABSENT ENVIRONMENT,,,9/23/2024,10/18/2024,10/20/2024,11/5/2024,9,,,2.47E+22,457.4,457.4,USD,00:00.0,,,,,,0,
DisputeDetails,317784,725893303,CB,RECD,3301.35,3301.35,USD,8.10E+12,452088XXXXXX1234,,VI,10.4,FRAUD TRANS - CARD ABSENT ENVIRONMENT,,,10/8/2024,10/18/2024,10/20/2024,11/5/2024,9,,,2.47E+22,3301.35,3301.35,USD,00:00.0,,,,,,0,
DisputeDetails,317784,725893476,CB,RECD,917.62,917.62,USD,7.63E+12,452088XXXXXX1234,,VI,10.4,FRAUD TRANS - CARD ABSENT ENVIRONMENT,,,10/4/2024,10/18/2024,10/20/2024,11/5/2024,9,,,2.47E+22,917.62,917.62,USD,00:00.0,,,,,,0,
DisputeDetails,317784,725899246,CB,RECD,436.65,436.65,USD,8.84E+12,452088XXXXXX1234,,VI,12.6.1,DUPLICATE PROCESSING,,,10/16/2024,10/18/2024,10/20/2024,11/11/2024,9,,,2.47E+22,436.65,436.65,USD,00:00.0,,,,,,0,
DisputeDetails,317784,725905268,CB,RECD,220.75,220.75,USD,8.82E+12,452088XXXXXX1234,,VI,12.6.1,DUPLICATE PROCESSING,,,10/16/2024,10/18/2024,10/20/2024,11/11/2024,9,,,2.47E+22,220.75,220.75,USD,00:00.0,,,,,,0,
DisputeDetails,317784,725911344,CB,RECD,601.35,601.35,USD,8.44E+12,452088XXXXXX1234,,VI,10.4,FRAUD TRANS - CARD ABSENT ENVIRONMENT,,,10/12/2024,10/18/2024,10/20/2024,11/5/2024,9,,,2.47E+22,601.35,601.35,USD,00:00.0,,,,,,0,
DisputeDetails,317784,725911953,CB,RECD,544.15,544.15,USD,8.43E+12,452088XXXXXX1234,,VI,10.4,FRAUD TRANS - CARD ABSENT ENVIRONMENT,,,10/12/2024,10/18/2024,10/20/2024,11/5/2024,9,,,2.47E+22,544.15,544.15,USD,00:00.0,,,,,,0,
DisputeDetails,317784,725669719,CB,RTM,-771.13,-771.13,USD,7.81E+12,541606XXXXXX1234,,MC,37,NO CARDHOLDER AUTHORIZATION,,,10/7/2024,10/18/2024,10/20/2024,11/26/2024,1,,,5.54E+22,-771.13,-771.13,USD,00:00.0,,,,,,0,
DisputeDetails,317784,725716858,CB,RTM,-59.69,-59.69,USD,9.91E+13,452088XXXXXX1234,,VI,10.4,FRAUD TRANS - CARD ABSENT ENVIRONMENT,,,7/22/2024,10/16/2024,10/20/2024,11/3/2024,9,,,2.47E+22,-59.69,-59.69,USD,00:00.0,,,,,,0,
DisputeDetails,317784,725732722,CB,RTM,-116.65,-116.65,USD,7.83E+12,452088XXXXXX1234,,VI,10.4,FRAUD TRANS - CARD ABSENT ENVIRONMENT,,,10/7/2024,10/16/2024,10/20/2024,11/3/2024,9,,,2.47E+22,-116.65,-116.65,USD,00:00.0,,,,,,0,
DisputeDetails,317784,725744515,CB,RTM,-204.8,-204.8,USD,8.18E+12,452088XXXXXX1234,,VI,10.4,FRAUD TRANS - CARD ABSENT ENVIRONMENT,,,10/9/2024,10/16/2024,10/20/2024,11/3/2024,9,,,2.47E+22,-204.8,-204.8,USD,00:00.0,,,,,,0,
DisputeDetails,317784,725749348,CB,RTM,-175.88,-175.88,USD,8.60E+12,452088XXXXXX1234,,VI,12.6.1,DUPLICATE PROCESSING,,,10/16/2024,10/16/2024,10/20/2024,11/9/2024,9,,,2.47E+22,-175.88,-175.88,USD,00:00.0,,,,,,0,
DisputeDetails,317784,725751133,CB,RTM,-66.21,-66.21,USD,8.87E+12,452088XXXXXX1234,,VI,12.6.1,DUPLICATE PROCESSING,,,10/16/2024,10/16/2024,10/20/2024,11/9/2024,9,,,2.47E+22,-66.21,-66.21,USD,00:00.0,,,,,,0,
DisputeDetails,317784,725751309,CB,RTM,-83.35,-83.35,USD,8.60E+12,452088XXXXXX1234,,VI,12.6.1,DUPLICATE PROCESSING,,,10/16/2024,10/16/2024,10/20/2024,11/9/2024,9,,,2.47E+22,-83.35,-83.35,USD,00:00.0,,,,,,0,
DisputeDetails,317784,725751345,CB,RTM,-83.35,-83.35,USD,8.60E+12,452088XXXXXX1234,,VI,12.6.1,DUPLICATE PROCESSING,,,10/16/2024,10/16/2024,10/20/2024,11/9/2024,9,,,2.47E+22,-83.35,-83.35,USD,00:00.0,,,,,,0,
DisputeDetails,317784,725752755,CB,RTM,-124.65,-124.65,USD,8.62E+12,452088XXXXXX1234,,VI,10.4,FRAUD TRANS - CARD ABSENT ENVIRONMENT,,,10/16/2024,10/16/2024,10/20/2024,11/3/2024,9,,,2.47E+22,-124.65,-124.65,USD,00:00.0,,,,,,0,
DisputeDetails,317784,725752856,CB,RTM,-321.15,-321.15,USD,8.60E+12,452088XXXXXX1234,,VI,12.6.1,DUPLICATE PROCESSING,,,10/16/2024,10/16/2024,10/20/2024,11/9/2024,9,,,2.47E+22,-321.15,-321.15,USD,00:00.0,,,,,,0,
DisputeDetails,317784,725761502,CB,RTM,-150.87,-150.87,USD,6.45E+12,452088XXXXXX1234,,VI,13.7,CREDIT NOT PROCESSED,,,9/24/2024,10/16/2024,10/20/2024,11/9/2024,9,,,2.47E+22,-150.87,-150.87,USD,00:00.0,,,,,,0,
DisputeDetails,317784,725772611,CB,RTM,-502.52,-502.52,USD,8.39E+12,541606XXXXXX1234,,MC,37,NO CARDHOLDER AUTHORIZATION,,,10/10/2024,10/18/2024,10/20/2024,11/26/2024,1,,,5.54E+22,-502.52,-502.52,USD,00:00.0,,,,,,0,
DisputeDetails,317784,725773463,AJ,RTM,-511.42,-511.42,USD,6.83E+12,531260XXXXXX1234,,PP,A07,INCORRECT DOLLAR AMOUNT,,,9/27/2024,10/18/2024,10/20/2024,11/11/2024,,,,933447955,-511.42,-511.42,USD,00:00.0, ,C,,,,0,
DisputeDetails,317784,725774812,AJ,RTM,-935.61,-935.61,USD,5.67E+12,531260XXXXXX1234,,SP,A06,CARDHOLDER DISPUTING CHARGE,,,9/17/2024,10/18/2024,10/20/2024,11/11/2024,,,,818583873,-935.61,-935.61,USD,00:00.0, ,C,,,,0,
DisputeDetails,317784,725777272,AJ,RTM,-1319.56,-1319.56,USD,8.43E+12,531260XXXXXX1234,,AP,A04,FRAUDULENT TRANSACTION,,,10/11/2024,10/18/2024,10/20/2024,11/26/2024,,,,97677762,-1319.56,-1319.56,USD,00:00.0, ,C,,,,0,
DisputeDetails,317787,725799669,CB,ENDINV,469.28,469.28,USD,8.14E+12,531260XXXXXX1234,,SP,A06,CARDHOLDER DISPUTING CHARGE,,,10/8/2024,10/19/2024,10/20/2024,11/12/2024,1,,,,469.28,469.28,USD,00:00.0,,,,,,0,
DisputeDetails,317787,725799670,CB,ENDINV,89.4,89.4,USD,8.41E+12,531260XXXXXX1234,,SP,A06,CARDHOLDER DISPUTING CHARGE,,,10/10/2024,10/19/2024,10/20/2024,11/12/2024,1,,,,89.4,89.4,USD,00:00.0,,,,,,0,
DisputeDetails,317787,725823052,CB,ENDINV,173.59,173.59,USD,7.74E+12,452088XXXXXX1234,,VI,10.4,FRAUD TRANS - CARD ABSENT ENVIRONMENT,,,10/4/2024,10/17/2024,10/19/2024,11/4/2024,9,,,2.47E+22,173.59,173.59,USD,00:00.0,,,,,,0,
DisputeDetails,317787,725826283,CB,ENDINV,301.35,301.35,USD,8.57E+12,452088XXXXXX1234,,VI,12.6.1,DUPLICATE PROCESSING,,,10/16/2024,10/17/2024,10/19/2024,11/10/2024,9,,,2.47E+22,301.35,301.35,USD,00:00.0,,,,,,0,
DisputeDetails,317787,725826374,CB,ENDINV,540.35,540.35,USD,3.97E+12,452088XXXXXX1234,,VI,13.2,CANCELLED RECURRING TRANSACTION,,,9/3/2024,10/17/2024,10/19/2024,11/10/2024,9,,,2.47E+22,540.35,540.35,USD,00:00.0,,,,,,0,
DisputeDetails,317787,725826688,CB,ENDINV,337.29,337.29,USD,8.77E+12,452088XXXXXX1234,,VI,12.6.1,DUPLICATE PROCESSING,,,10/16/2024,10/17/2024,10/19/2024,11/10/2024,9,,,2.47E+22,337.29,337.29,USD,00:00.0,,,,,,0,
DisputeDetails,317787,725826695,CB,ENDINV,337.29,337.29,USD,8.77E+12,452088XXXXXX1234,,VI,12.6.1,DUPLICATE PROCESSING,,,10/16/2024,10/17/2024,10/19/2024,11/10/2024,9,,,2.47E+22,337.29,337.29,USD,00:00.0,,,,,,0,
DisputeDetails,317787,725827004,CB,ENDINV,115.62,115.62,USD,8.59E+12,452088XXXXXX1234,,VI,12.6.1,DUPLICATE PROCESSING,,,10/16/2024,10/17/2024,10/19/2024,11/10/2024,9,,,2.47E+22,115.62,115.62,USD,00:00.0,,,,,,0,
DisputeDetails,317787,725827008,CB,ENDINV,115.62,115.62,USD,8.84E+12,452088XXXXXX1234,,VI,12.6.1,DUPLICATE PROCESSING,,,10/16/2024,10/17/2024,10/19/2024,11/10/2024,9,,,2.47E+22,115.62,115.62,USD,00:00.0,,,,,,0,
DisputeDetails,317787,725827113,CB,ENDINV,1305.36,1305.36,USD,8.83E+12,452088XXXXXX1234,,VI,12.6.1,DUPLICATE PROCESSING,,,10/16/2024,10/17/2024,10/19/2024,11/10/2024,9,,,2.47E+22,1305.36,1305.36,USD,00:00.0,,,,,,0,
DisputeDetails,317787,725837766,CB,ENDINV,701.35,701.35,USD,8.28E+12,541606XXXXXX1234,,MC,37,NO CARDHOLDER AUTHORIZATION,,,10/9/2024,10/19/2024,10/19/2024,11/27/2024,1,,,5.54E+22,701.35,701.35,USD,00:00.0,,,,,,0,
DisputeDetails,317787,725837767,CB,ENDINV,501.35,501.35,USD,8.28E+12,541606XXXXXX1234,,MC,37,NO CARDHOLDER AUTHORIZATION,,,10/9/2024,10/19/2024,10/19/2024,11/27/2024,1,,,5.54E+22,501.35,501.35,USD,00:00.0,,,,,,0,
DisputeDetails,317787,725880386,CB,ENDINV,1901.35,1901.35,USD,8.91E+12,452088XXXXXX1234,,VI,10.4,FRAUD TRANS - CARD ABSENT ENVIRONMENT,,,10/16/2024,10/18/2024,10/20/2024,11/5/2024,9,,,2.47E+22,1901.35,1901.35,USD,00:00.0,,,,,,0,
DisputeDetails,317787,725880395,CB,ENDINV,995.76,995.76,USD,6.36E+12,452088XXXXXX1234,,VI,10.4,FRAUD TRANS - CARD ABSENT ENVIRONMENT,,,9/23/2024,10/18/2024,10/20/2024,11/5/2024,9,,,2.47E+22,995.76,995.76,USD,00:00.0,,,,,,0,
DisputeDetails,317787,725890899,CB,ENDINV,542.02,542.02,USD,7.62E+12,452088XXXXXX1234,,VI,13.7,CREDIT NOT PROCESSED,,,10/4/2024,10/18/2024,10/20/2024,11/11/2024,9,,,2.47E+22,542.02,542.02,USD,00:00.0,,,,,,0,
DisputeDetails,317787,725899488,CB,ENDINV,126.35,126.35,USD,4.49E+11,452088XXXXXX1234,,VI,13.2,CANCELLED RECURRING TRANSACTION,,,8/1/2024,10/18/2024,10/20/2024,11/11/2024,9,,,2.47E+22,126.35,126.35,USD,00:00.0,,,,,,0,
DisputeDetails,317787,725900467,CB,ENDINV,308.35,308.35,USD,8.40E+12,452088XXXXXX1234,,VI,10.4,FRAUD TRANS - CARD ABSENT ENVIRONMENT,,,10/10/2024,10/18/2024,10/20/2024,11/5/2024,9,,,2.47E+22,308.35,308.35,USD,00:00.0,,,,,,0,
DisputeDetails,317787,725900660,CB,ENDINV,177.56,177.56,USD,8.60E+12,452088XXXXXX1234,,VI,12.6.1,DUPLICATE PROCESSING,,,10/16/2024,10/18/2024,10/20/2024,11/11/2024,9,,,2.47E+22,177.56,177.56,USD,00:00.0,,,,,,0,
DisputeDetails,317787,725900766,CB,ENDINV,354.08,354.08,USD,9.90E+13,452088XXXXXX1234,,VI,13.3,NOT AS DESCRIBED OR DEFECTIVE,,,7/20/2024,10/18/2024,10/20/2024,11/11/2024,9,,,2.47E+22,354.08,354.08,USD,00:00.0,,,,,,0,
DisputeDetails,317787,725905119,CB,ENDINV,116.76,116.76,USD,8.80E+12,452088XXXXXX1234,,VI,12.6.1,DUPLICATE PROCESSING,,,10/16/2024,10/18/2024,10/20/2024,11/11/2024,9,,,2.47E+22,116.76,116.76,USD,00:00.0,,,,,,0,
DisputeDetails,317787,725799669,AJ,RECD,469.28,469.28,USD,8.14E+12,531260XXXXXX1234,,SP,A06,CARDHOLDER DISPUTING CHARGE,,,10/8/2024,10/19/2024,10/20/2024,11/12/2024,,,,62800950,469.28,469.28,USD,00:00.0,CR,C,2.41E+13,,,0,
DisputeDetails,317787,725799670,AJ,RECD,89.4,89.4,USD,8.41E+12,531260XXXXXX1234,,SP,A06,CARDHOLDER DISPUTING CHARGE,,,10/10/2024,10/19/2024,10/20/2024,11/12/2024,,,,86062091,89.4,89.4,USD,00:00.0,CR,C,2.41E+13,,,0,
DisputeDetails,317787,725880386,CB,RECD,1901.35,1901.35,USD,8.91E+12,452088XXXXXX1234,,VI,10.4,FRAUD TRANS - CARD ABSENT ENVIRONMENT,,,10/16/2024,10/18/2024,10/20/2024,11/5/2024,9,,,2.47E+22,1901.35,1901.35,USD,00:00.0,,,,,,0,
DisputeDetails,317787,725880395,CB,RECD,995.76,995.76,USD,6.36E+12,452088XXXXXX1234,,VI,10.4,FRAUD TRANS - CARD ABSENT ENVIRONMENT,,,9/23/2024,10/18/2024,10/20/2024,11/5/2024,9,,,2.47E+22,995.76,995.76,USD,00:00.0,,,,,,0,
DisputeDetails,317787,725890899,CB,RECD,542.02,542.02,USD,7.62E+12,452088XXXXXX1234,,VI,13.7,CREDIT NOT PROCESSED,,,10/4/2024,10/18/2024,10/20/2024,11/11/2024,9,,,2.47E+22,542.02,542.02,USD,00:00.0,,,,,,0,
DisputeDetails,317787,725899488,CB,RECD,126.35,126.35,USD,4.49E+11,452088XXXXXX1234,,VI,13.2,CANCELLED RECURRING TRANSACTION,,,8/1/2024,10/18/2024,10/20/2024,11/11/2024,9,,,2.47E+22,126.35,126.35,USD,00:00.0,,,,,,0,
DisputeDetails,317787,725900467,CB,RECD,308.35,308.35,USD,8.40E+12,452088XXXXXX1234,,VI,10.4,FRAUD TRANS - CARD ABSENT ENVIRONMENT,,,10/10/2024,10/18/2024,10/20/2024,11/5/2024,9,,,2.47E+22,308.35,308.35,USD,00:00.0,,,,,,0,
DisputeDetails,317787,725900660,CB,RECD,177.56,177.56,USD,8.60E+12,452088XXXXXX1234,,VI,12.6.1,DUPLICATE PROCESSING,,,10/16/2024,10/18/2024,10/20/2024,11/11/2024,9,,,2.47E+22,177.56,177.56,USD,00:00.0,,,,,,0,
DisputeDetails,317787,725900766,CB,RECD,354.08,354.08,USD,9.90E+13,452088XXXXXX1234,,VI,13.3,NOT AS DESCRIBED OR DEFECTIVE,,,7/20/2024,10/18/2024,10/20/2024,11/11/2024,9,,,2.47E+22,354.08,354.08,USD,00:00.0,,,,,,0,
DisputeDetails,317787,725905119,CB,RECD,116.76,116.76,USD,8.80E+12,452088XXXXXX1234,,VI,12.6.1,DUPLICATE PROCESSING,,,10/16/2024,10/18/2024,10/20/2024,11/11/2024,9,,,2.47E+22,116.76,116.76,USD,00:00.0,,,,,,0,
DisputeDetails,317787,725746803,CB,RTM,-101.35,-101.35,USD,8.90E+12,452088XXXXXX1234,,VI,10.4,FRAUD TRANS - CARD ABSENT ENVIRONMENT,,,10/16/2024,10/16/2024,10/20/2024,11/3/2024,9,,,2.47E+22,-101.35,-101.35,USD,00:00.0,,,,,,0,
DisputeDetails,317787,725748129,CB,RTM,-201.35,-201.35,USD,8.91E+12,452088XXXXXX1234,,VI,10.4,FRAUD TRANS - CARD ABSENT ENVIRONMENT,,,10/16/2024,10/16/2024,10/20/2024,11/3/2024,9,,,2.47E+22,-201.35,-201.35,USD,00:00.0,,,,,,0,
DisputeDetails,317787,725752851,CB,RTM,-99.06,-99.06,USD,8.78E+12,452088XXXXXX1234,,VI,12.6.1,DUPLICATE PROCESSING,,,10/16/2024,10/16/2024,10/20/2024,11/9/2024,9,,,2.47E+22,-99.06,-99.06,USD,00:00.0,,,,,,0,
DisputeDetails,317787,725752967,CB,RTM,-339.23,-339.23,USD,8.79E+12,452088XXXXXX1234,,VI,12.6.1,DUPLICATE PROCESSING,,,10/16/2024,10/16/2024,10/20/2024,11/9/2024,9,,,2.47E+22,-339.23,-339.23,USD,00:00.0,,,,,,0,
DisputeDetails,317787,725755428,CB,RTM,-2923.86,-2923.86,USD,8.56E+12,452088XXXXXX1234,,VI,10.4,FRAUD TRANS - CARD ABSENT ENVIRONMENT,,,10/12/2024,10/16/2024,10/20/2024,11/3/2024,9,,,2.47E+22,-2923.86,-2923.86,USD,00:00.0,,,,,,0,
DisputeDetails,317787,725757370,CB,RTM,-181.33,-181.33,USD,8.83E+12,452088XXXXXX1234,,VI,12.6.1,DUPLICATE PROCESSING,,,10/16/2024,10/16/2024,10/20/2024,11/9/2024,9,,,2.47E+22,-181.33,-181.33,USD,00:00.0,,,,,,0,
DisputeDetails,317787,725760684,CB,RTM,-81.8,-81.8,USD,6.23E+12,452088XXXXXX1234,,VI,12.6.2,PAID BY OTHER MEANS,,,9/23/2024,10/16/2024,10/20/2024,11/9/2024,9,,,2.47E+22,-81.8,-81.8,USD,00:00.0,,,,,,0,
DisputeDetails,317787,725763299,CB,RTM,-261.82,-261.82,USD,9.73E+13,452088XXXXXX1234,,VI,13.2,CANCELLED RECURRING TRANSACTION,,,7/3/2024,10/16/2024,10/20/2024,11/9/2024,9,,,2.47E+22,-261.82,-261.82,USD,00:00.0,,,,,,0,
DisputeDetails,317787,725763349,CB,RTM,-203.46,-203.46,USD,7.57E+12,452088XXXXXX1234,,VI,13.2,CANCELLED RECURRING TRANSACTION,,,10/3/2024,10/16/2024,10/20/2024,11/9/2024,9,,,2.47E+22,-203.46,-203.46,USD,00:00.0,,,,,,0,
DisputeDetails,317787,725765529,CB,RTM,-301.35,-301.35,USD,1.00E+14,452088XXXXXX1234,,VI,13.1,SERVICES NOT RENDERED/MDSE NOT RECVD,,,7/29/2024,10/16/2024,10/20/2024,11/9/2024,9,,,2.47E+22,-301.35,-301.35,USD,00:00.0,,,,,,0,
DisputeDetails,317787,725774810,AJ,RTM,-98.87,-98.87,USD,4.49E+12,531260XXXXXX1234,,SP,A04,FRAUDULENT TRANSACTION,,,9/9/2024,10/18/2024,10/20/2024,11/11/2024,,,,726184086,-98.87,-98.87,USD,00:00.0, ,C,,,,0,
DisputeDetails,317787,725774813,AJ,RTM,-1380.81,-1380.81,USD,8.18E+12,531260XXXXXX1234,,SP,A06,CARDHOLDER DISPUTING CHARGE,,,10/9/2024,10/18/2024,10/20/2024,11/11/2024,,,,73688431,-1380.81,-1380.81,USD,00:00.0, ,C,,,,0,
DisputeDetails,317787,725774815,AJ,RTM,-382.35,-382.35,USD,8.61E+12,531260XXXXXX1234,,SP,A04,FRAUDULENT TRANSACTION,,,10/15/2024,10/18/2024,10/20/2024,11/11/2024,,,,144764398,-382.35,-382.35,USD,00:00.0, ,C,,,,0,
DisputeDetails,319775,725801892,CB,ENDINV,209.18,209.18,USD,1.97E+13,452088XXXXXX1234,,VI,10.4,FRAUD TRANS - CARD ABSENT ENVIRONMENT,,,10/15/2024,10/17/2024,10/19/2024,11/4/2024,9,,,2.47E+22,209.18,209.18,USD,00:00.0,,,,,,0,
DisputeDetails,319775,725813148,CB,ENDINV,241.11,241.11,USD,1.97E+13,452088XXXXXX1234,,VI,10.4,FRAUD TRANS - CARD ABSENT ENVIRONMENT,,,10/15/2024,10/17/2024,10/19/2024,11/4/2024,9,,,2.47E+22,241.11,241.11,USD,00:00.0,,,,,,0,
DisputeDetails,319775,725888891,CB,ENDINV,161.95,161.95,USD,1.96E+13,452088XXXXXX1234,,VI,10.4,FRAUD TRANS - CARD ABSENT ENVIRONMENT,,,10/5/2024,10/18/2024,10/20/2024,11/5/2024,9,,,2.47E+22,161.95,161.95,USD,00:00.0,,,,,,0,
DisputeDetails,319775,725888891,CB,RECD,161.95,161.95,USD,1.96E+13,452088XXXXXX1234,,VI,10.4,FRAUD TRANS - CARD ABSENT ENVIRONMENT,,,10/5/2024,10/18/2024,10/20/2024,11/5/2024,9,,,2.47E+22,161.95,161.95,USD,00:00.0,,,,,,0,
DisputeDetails,319775,725707487,CB,RTM,-63.86,-63.86,USD,1.97E+13,452088XXXXXX1234,,VI,10.4,FRAUD TRANS - CARD ABSENT ENVIRONMENT,,,10/9/2024,10/16/2024,10/20/2024,11/3/2024,9,,,2.47E+22,-63.86,-63.86,USD,00:00.0,,,,,,0,
DisputeDetails,319775,725780385,AJ,RTM,-178.95,-178.95,USD,1.97E+13,531260XXXXXX1234,,NP,A04,FRAUDULENT TRANSACTION,,,10/9/2024,10/18/2024,10/20/2024,11/11/2024,,,,74550132,-178.95,-178.95,USD,00:00.0, ,C,,,,0,
DisputeDetails,324459,725739267,CB,RTM,-87.5,-87.5,USD,1.90E+12,452088XXXXXX1234,,VI,10.4,FRAUD TRANS - CARD ABSENT ENVIRONMENT,,,8/8/2024,10/16/2024,10/20/2024,11/3/2024,9,,,2.47E+22,-87.5,-87.5,USD,00:00.0,,,,,,0,
DisputeDetails,324647,725730513,CB,RTM,-434.95,-434.95,USD,8.91E+12,452088XXXXXX1234,,VI,10.4,FRAUD TRANS - CARD ABSENT ENVIRONMENT,,,8/23/2024,10/16/2024,10/20/2024,11/3/2024,9,,,2.47E+22,-434.95,-434.95,USD,00:00.0,,,,,,0,
DisputeDetails,324908,725821339,CB,ENDINV,61.04,61.04,USD,4.37E+15,452088XXXXXX1234,,VI,12.6.1,DUPLICATE PROCESSING,,,10/9/2024,10/17/2024,10/19/2024,11/10/2024,9,,,2.47E+22,61.04,61.04,USD,00:00.0,,,,,,0,
DisputeDetails,324908,725821348,CB,ENDINV,61.04,61.04,USD,4.37E+15,452088XXXXXX1234,,VI,12.6.1,DUPLICATE PROCESSING,,,10/9/2024,10/17/2024,10/19/2024,11/10/2024,9,,,2.47E+22,61.04,61.04,USD,00:00.0,,,,,,0,
DisputeDetails,324908,725890726,CB,ENDINV,81.08,81.08,USD,4.32E+15,452088XXXXXX1234,,VI,10.4,FRAUD TRANS - CARD ABSENT ENVIRONMENT,,,7/29/2024,10/18/2024,10/20/2024,11/5/2024,9,,,2.47E+22,81.08,81.08,USD,00:00.0,,,,,,0,
DisputeDetails,324908,725890726,CB,RECD,81.08,81.08,USD,4.32E+15,452088XXXXXX1234,,VI,10.4,FRAUD TRANS - CARD ABSENT ENVIRONMENT,,,7/29/2024,10/18/2024,10/20/2024,11/5/2024,9,,,2.47E+22,81.08,81.08,USD,00:00.0,,,,,,0,
DisputeDetails,324908,725707427,CB,RTM,-500,-500,USD,4.37E+15,452088XXXXXX1234,,VI,12.6.1,DUPLICATE PROCESSING,,,10/11/2024,10/16/2024,10/20/2024,11/9/2024,9,,,2.47E+22,-500,-500,USD,00:00.0,,,,,,0,
DisputeDetails,324908,725776151,AJ,RTM,-178.75,-178.75,USD,4.37E+15,531260XXXXXX1234,,SP,A04,FRAUDULENT TRANSACTION,,,10/3/2024,10/18/2024,10/20/2024,11/11/2024,,,,3031349,-178.75,-178.75,USD,00:00.0, ,C,,,,0,
DisputeDetails,325497,663976641,ECP,ENDINV,290,290,CAD,27969102023,XXX1234,,EC,R02,ACCOUNT CLOSED,3,Administrative,10/20/2023,10/25/2023,10/26/2023,,1,,PPD,,290,290,CAD,00:00.0,,,,,,0,
DisputeDetails,330171,725732939,CB,RTM,-100,-100,USD,7.13E+12,452088XXXXXX1234,,VI,10.4,FRAUD TRANS - CARD ABSENT ENVIRONMENT,,,10/7/2024,10/16/2024,10/20/2024,11/3/2024,9,,,2.47E+22,-100,-100,USD,00:00.0,,,,,,0,
DisputeDetails,337012,725835655,CB,ENDINV,201.1,201.1,USD,9.31E+12,452088XXXXXX1234,,VI,10.4,FRAUD TRANS - CARD ABSENT ENVIRONMENT,,,10/9/2024,10/17/2024,10/19/2024,11/4/2024,9,,,2.47E+22,201.1,201.1,USD,00:00.0,,,,,,0,
DisputeDetails,337014,725885220,CB,ENDINV,809.56,809.56,USD,9.20E+12,452088XXXXXX1234,,VI,10.4,FRAUD TRANS - CARD ABSENT ENVIRONMENT,,,9/17/2024,10/18/2024,10/20/2024,11/5/2024,9,,,2.47E+22,809.56,809.56,USD,00:00.0,,,,,,0,
DisputeDetails,337014,725885220,CB,RECD,809.56,809.56,USD,9.20E+12,452088XXXXXX1234,,VI,10.4,FRAUD TRANS - CARD ABSENT ENVIRONMENT,,,9/17/2024,10/18/2024,10/20/2024,11/5/2024,9,,,2.47E+22,809.56,809.56,USD,00:00.0,,,,,,0,
DisputeDetails,337873,725897540,CB,ENDINV,33.32,33.32,USD,2.79E+13,452088XXXXXX1234,,VI,13.2,CANCELLED RECURRING TRANSACTION,,,10/18/2024,10/18/2024,10/20/2024,11/11/2024,9,,,2.47E+22,33.32,33.32,USD,00:00.0,,,,,,0,
DisputeDetails,337873,725897540,CB,RECD,33.32,33.32,USD,2.79E+13,452088XXXXXX1234,,VI,13.2,CANCELLED RECURRING TRANSACTION,,,10/18/2024,10/18/2024,10/20/2024,11/11/2024,9,,,2.47E+22,33.32,33.32,USD,00:00.0,,,,,,0,
DisputeDetails,342728,725834788,CB,ENDINV,5.06,5.06,USD,1.44E+13,452088XXXXXX1234,,VI,10.4,FRAUD TRANS - CARD ABSENT ENVIRONMENT,,,8/14/2024,10/17/2024,10/19/2024,11/4/2024,9,,,2.47E+22,5.06,5.06,USD,00:00.0,,,,,,0,
DisputeDetails,342731,725723187,CB,RTM,-10.5,-10.5,USD,1.44E+13,452088XXXXXX1234,,VI,10.4,FRAUD TRANS - CARD ABSENT ENVIRONMENT,,,8/8/2024,10/16/2024,10/20/2024,11/3/2024,9,,,2.47E+22,-10.5,-10.5,USD,00:00.0,,,,,,0,
DisputeDetails,349057,725883457,CB,ENDINV,30.68,30.68,USD,1.65E+13,452088XXXXXX1234,,VI,10.4,FRAUD TRANS - CARD ABSENT ENVIRONMENT,,,8/19/2024,10/18/2024,10/20/2024,11/5/2024,9,,,2.47E+22,30.68,30.68,USD,00:00.0,,,,,,0,
DisputeDetails,349057,725884147,CB,ENDINV,19.04,19.04,USD,1.62E+13,452088XXXXXX1234,,VI,10.4,FRAUD TRANS - CARD ABSENT ENVIRONMENT,,,8/16/2024,10/18/2024,10/20/2024,11/5/2024,9,,,2.47E+22,19.04,19.04,USD,00:00.0,,,,,,0,
DisputeDetails,349057,725884148,CB,ENDINV,19.01,19.01,USD,1.62E+13,452088XXXXXX1234,,VI,10.4,FRAUD TRANS - CARD ABSENT ENVIRONMENT,,,8/16/2024,10/18/2024,10/20/2024,11/5/2024,9,,,2.47E+22,19.01,19.01,USD,00:00.0,,,,,,0,
DisputeDetails,349057,725883457,CB,RECD,30.68,30.68,USD,1.65E+13,452088XXXXXX1234,,VI,10.4,FRAUD TRANS - CARD ABSENT ENVIRONMENT,,,8/19/2024,10/18/2024,10/20/2024,11/5/2024,9,,,2.47E+22,30.68,30.68,USD,00:00.0,,,,,,0,
DisputeDetails,349057,725884147,CB,RECD,19.04,19.04,USD,1.62E+13,452088XXXXXX1234,,VI,10.4,FRAUD TRANS - CARD ABSENT ENVIRONMENT,,,8/16/2024,10/18/2024,10/20/2024,11/5/2024,9,,,2.47E+22,19.04,19.04,USD,00:00.0,,,,,,0,
DisputeDetails,349057,725884148,CB,RECD,19.01,19.01,USD,1.62E+13,452088XXXXXX1234,,VI,10.4,FRAUD TRANS - CARD ABSENT ENVIRONMENT,,,8/16/2024,10/18/2024,10/20/2024,11/5/2024,9,,,2.47E+22,19.01,19.01,USD,00:00.0,,,,,,0,
DisputeDetails,349057,725708279,CB,RTM,-30.02,-30.02,USD,1.61E+13,452088XXXXXX1234,,VI,10.4,FRAUD TRANS - CARD ABSENT ENVIRONMENT,,,8/15/2024,10/16/2024,10/20/2024,11/3/2024,9,,,2.47E+22,-30.02,-30.02,USD,00:00.0,,,,,,0,
DisputeDetails,349057,725768515,CB,RTM,-30.49,-30.49,USD,1.65E+13,541606XXXXXX1234,,MC,37,NO CARDHOLDER AUTHORIZATION,,,8/19/2024,10/18/2024,10/20/2024,11/26/2024,1,,,5.54E+22,-30.49,-30.49,USD,00:00.0,,,,,,0,
DisputeDetails,349058,725723189,CB,RTM,-20.98,-20.98,USD,1.60E+13,452088XXXXXX1234,,VI,10.4,FRAUD TRANS - CARD ABSENT ENVIRONMENT,,,8/9/2024,10/16/2024,10/20/2024,11/3/2024,9,,,2.47E+22,-20.98,-20.98,USD,00:00.0,,,,,,0,
DisputeDetails,349058,725723190,CB,RTM,-20.98,-20.98,USD,1.60E+13,452088XXXXXX1234,,VI,10.4,FRAUD TRANS - CARD ABSENT ENVIRONMENT,,,8/9/2024,10/16/2024,10/20/2024,11/3/2024,9,,,2.47E+22,-20.98,-20.98,USD,00:00.0,,,,,,0,
DisputeDetails,349058,725723198,CB,RTM,-20.98,-20.98,USD,1.60E+13,452088XXXXXX1234,,VI,10.4,FRAUD TRANS - CARD ABSENT ENVIRONMENT,,,8/9/2024,10/16/2024,10/20/2024,11/3/2024,9,,,2.47E+22,-20.98,-20.98,USD,00:00.0,,,,,,0,
DisputeDetails,349058,725725215,CB,RTM,-21,-21,USD,1.60E+13,452088XXXXXX1234,,VI,10.4,FRAUD TRANS - CARD ABSENT ENVIRONMENT,,,8/9/2024,10/16/2024,10/20/2024,11/3/2024,9,,,2.47E+22,-21,-21,USD,00:00.0,,,,,,0,
DisputeDetails,356887,725789247,CB,RTM,-12,-12,CAD,3.20E+12,452088XXXXXX1234,,VI,10.4,FRAUD TRANS - CARD ABSENT ENVIRONMENT,,,9/23/2024,10/17/2024,10/20/2024,11/4/2024,9,,,7.45E+22,-12,-12,CAD,00:00.0,,,,,,0,
DisputeDetails,357886,725823337,CB,ENDINV,153.85,153.85,USD,3.13E+12,452088XXXXXX1234,,VI,13.7,CREDIT NOT PROCESSED,,,9/13/2024,10/17/2024,10/19/2024,11/10/2024,9,,,2.47E+22,153.85,153.85,USD,00:00.0,,,,,,0,
DisputeDetails,357886,725899865,CB,ENDINV,387.25,387.25,USD,8.73E+12,452088XXXXXX1234,,VI,13.2,CANCELLED RECURRING TRANSACTION,,,10/17/2024,10/18/2024,10/20/2024,11/11/2024,9,,,2.47E+22,387.25,387.25,USD,00:00.0,,,,,,0,
DisputeDetails,357886,725905830,CB,ENDINV,34.73,34.73,USD,3.24E+12,452088XXXXXX1234,,VI,10.4,FRAUD TRANS - CARD ABSENT ENVIRONMENT,,,9/16/2024,10/18/2024,10/20/2024,11/5/2024,9,,,2.47E+22,34.73,34.73,USD,00:00.0,,,,,,0,
DisputeDetails,357886,725899865,CB,RECD,387.25,387.25,USD,8.73E+12,452088XXXXXX1234,,VI,13.2,CANCELLED RECURRING TRANSACTION,,,10/17/2024,10/18/2024,10/20/2024,11/11/2024,9,,,2.47E+22,387.25,387.25,USD,00:00.0,,,,,,0,
DisputeDetails,357886,725905830,CB,RECD,34.73,34.73,USD,3.24E+12,452088XXXXXX1234,,VI,10.4,FRAUD TRANS - CARD ABSENT ENVIRONMENT,,,9/16/2024,10/18/2024,10/20/2024,11/5/2024,9,,,2.47E+22,34.73,34.73,USD,00:00.0,,,,,,0,
DisputeDetails,358405,725905704,CB,ENDINV,126.98,126.98,USD,1.68E+13,452088XXXXXX1234,,VI,12.6.1,DUPLICATE PROCESSING,,,10/15/2024,10/18/2024,10/20/2024,11/11/2024,9,,,2.47E+22,126.98,126.98,USD,00:00.0,,,,,,0,
DisputeDetails,358405,725905704,CB,RECD,126.98,126.98,USD,1.68E+13,452088XXXXXX1234,,VI,12.6.1,DUPLICATE PROCESSING,,,10/15/2024,10/18/2024,10/20/2024,11/11/2024,9,,,2.47E+22,126.98,126.98,USD,00:00.0,,,,,,0,
DisputeDetails,358405,725757344,CB,RTM,-128.77,-128.77,USD,1.68E+13,452088XXXXXX1234,,VI,12.6.1,DUPLICATE PROCESSING,,,10/11/2024,10/16/2024,10/20/2024,11/9/2024,9,,,2.47E+22,-128.77,-128.77,USD,00:00.0,,,,,,0,
DisputeDetails,359555,725020838,CB,ENDINV,440.13,440.13,CAD,3.24E+12,541606XXXXXX1234,,MC,37,NO CARDHOLDER AUTHORIZATION,,,9/27/2024,10/16/2024,10/16/2024,11/24/2024,1,,,5.55E+22,440.13,440.13,CAD,00:00.0,,,,,,0,
DisputeDetails,359614,725020905,CB,ENDINV,7.7,7.7,CAD,3.24E+12,541606XXXXXX1234,,MC,37,NO CARDHOLDER AUTHORIZATION,,,9/27/2024,10/16/2024,10/16/2024,11/24/2024,1,,,5.55E+22,7.7,7.7,CAD,00:00.0,,,,,,0,
DisputeDetails,365875,725774938,AJ,RTM,-1445.95,-1445.95,USD,3.11E+13,531260XXXXXX1234,,SP,A04,FRAUDULENT TRANSACTION,,,9/4/2024,10/18/2024,10/20/2024,11/11/2024,,,,667129247,-1445.95,-1445.95,USD,00:00.0, ,C,,,,0,
DisputeDetails,365877,725835229,CB,ENDINV,58.75,58.75,USD,3.16E+13,452088XXXXXX1234,,VI,12.6.1,DUPLICATE PROCESSING,,,10/14/2024,10/17/2024,10/19/2024,11/10/2024,9,,,2.47E+22,58.75,58.75,USD,00:00.0,,,,,,0,
DisputeDetails,365877,725734488,CB,RTM,-98.35,-98.35,USD,3.14E+13,452088XXXXXX1234,,VI,13.7,CREDIT NOT PROCESSED,,,9/29/2024,10/16/2024,10/20/2024,11/9/2024,9,,,2.47E+22,-98.35,-98.35,USD,00:00.0,,,,,,3,
DisputeDetails,365877,725773682,AJ,RTM,-102.95,-102.95,USD,3.10E+13,531260XXXXXX1234,,PP,A21,NOT AS DESCRIBED/DEFECTED MERCHANDISE,,,8/30/2024,10/18/2024,10/20/2024,11/11/2024,,,,608581139,-102.95,-102.95,USD,00:00.0, ,C,,,,0,
DisputeDetails,389774,725888744,CB,ENDINV,85.17,85.17,USD,1.69E+13,452088XXXXXX1234,,VI,10.4,FRAUD TRANS - CARD ABSENT ENVIRONMENT,,,8/11/2024,10/18/2024,10/20/2024,11/5/2024,9,,,2.47E+22,85.17,85.17,USD,00:00.0,,,,,,0,
DisputeDetails,389774,725888744,CB,RECD,85.17,85.17,USD,1.69E+13,452088XXXXXX1234,,VI,10.4,FRAUD TRANS - CARD ABSENT ENVIRONMENT,,,8/11/2024,10/18/2024,10/20/2024,11/5/2024,9,,,2.47E+22,85.17,85.17,USD,00:00.0,,,,,,0,
DisputeDetails,389774,725744740,CB,RTM,-1219.29,-1219.29,USD,1.72E+13,452088XXXXXX1234,,VI,10.4,FRAUD TRANS - CARD ABSENT ENVIRONMENT,,,9/13/2024,10/16/2024,10/20/2024,11/3/2024,9,,,2.47E+22,-1219.29,-1219.29,USD,00:00.0,,,,,,0,
DisputeDetails,389777,725800775,CB,ENDINV,58.89,58.89,USD,1.75E+13,531260XXXXXX1234,,SP,A06,CARDHOLDER DISPUTING CHARGE,,,10/6/2024,10/19/2024,10/20/2024,11/12/2024,1,,,,58.89,58.89,USD,00:00.0,,,,,,0,
DisputeDetails,389777,725801888,CB,ENDINV,492.25,492.25,USD,1.76E+13,452088XXXXXX1234,,VI,10.4,FRAUD TRANS - CARD ABSENT ENVIRONMENT,,,10/15/2024,10/17/2024,10/19/2024,11/4/2024,9,,,2.47E+22,492.25,492.25,USD,00:00.0,,,,,,0,
DisputeDetails,389777,725802267,CB,ENDINV,82.35,82.35,USD,1.74E+13,452088XXXXXX1234,,VI,10.4,FRAUD TRANS - CARD ABSENT ENVIRONMENT,,,10/1/2024,10/17/2024,10/19/2024,11/4/2024,9,,,2.47E+22,82.35,82.35,USD,00:00.0,,,,,,0,
DisputeDetails,389777,725807136,CB,ENDINV,268.7,268.7,USD,1.76E+13,452088XXXXXX1234,,VI,12.6.1,DUPLICATE PROCESSING,,,10/16/2024,10/17/2024,10/19/2024,11/10/2024,9,,,2.47E+22,268.7,268.7,USD,00:00.0,,,,,,0,
DisputeDetails,389777,725786569,AJ,RECD,1492.35,1492.35,USD,1.75E+13,531260XXXXXX1234,,AP,A04,FRAUDULENT TRANSACTION,,,10/6/2024,10/19/2024,10/20/2024,11/27/2024,,,,41861742,1492.35,1492.35,USD,00:00.0,CR,C,242920048,,,0,
DisputeDetails,389777,725800775,AJ,RECD,58.89,58.89,USD,1.75E+13,531260XXXXXX1234,,SP,A06,CARDHOLDER DISPUTING CHARGE,,,10/6/2024,10/19/2024,10/20/2024,11/12/2024,,,,41861618,58.89,58.89,USD,00:00.0,CR,C,2.41E+13,,,0,
DisputeDetails,389777,725724330,CB,RTM,-792.76,-792.76,USD,1.76E+13,452088XXXXXX1234,,VI,12.6.1,DUPLICATE PROCESSING,,,10/15/2024,10/16/2024,10/20/2024,11/9/2024,9,,,2.47E+22,-792.76,-792.76,USD,00:00.0,,,,,,0,
DisputeDetails,389777,725747887,CB,RTM,-152.35,-152.35,USD,1.74E+13,452088XXXXXX1234,,VI,13.7,CREDIT NOT PROCESSED,,,9/25/2024,10/16/2024,10/20/2024,11/9/2024,9,,,2.47E+22,-152.35,-152.35,USD,00:00.0,,,,,,0,
DisputeDetails,389777,725757713,CB,RTM,-219.66,-219.66,USD,1.76E+13,452088XXXXXX1234,,VI,12.6.1,DUPLICATE PROCESSING,,,10/12/2024,10/16/2024,10/20/2024,11/9/2024,9,,,2.47E+22,-219.66,-219.66,USD,00:00.0,,,,,,0,
DisputeDetails,389777,725768754,CB,RTM,-402.35,-402.35,USD,1.72E+13,541606XXXXXX1234,,MC,37,NO CARDHOLDER AUTHORIZATION,,,9/15/2024,10/18/2024,10/20/2024,11/26/2024,1,,,5.54E+22,-402.35,-402.35,USD,00:00.0,,,,,,0,
DisputeDetails,389777,725776033,AJ,RTM,-351.52,-351.52,USD,1.71E+13,531260XXXXXX1234,,SP,A04,FRAUDULENT TRANSACTION,,,9/1/2024,10/18/2024,10/20/2024,11/11/2024,,,,634287899,-351.52,-351.52,USD,00:00.0, ,C,,,,0,
DisputeDetails,389777,725776036,AJ,RTM,-204.39,-204.39,USD,1.65E+13,531260XXXXXX1234,,SP,A04,FRAUDULENT TRANSACTION,,,7/9/2024,10/18/2024,10/20/2024,11/11/2024,,,,3965623,-204.39,-204.39,USD,00:00.0, ,C,,,,0,
DisputeDetails,389777,725786569,AJ,RTM,-1492.35,-1492.35,USD,1.75E+13,531260XXXXXX1234,,AP,A04,FRAUDULENT TRANSACTION,,,10/6/2024,10/19/2024,10/20/2024,11/27/2024,,,,41861742,-1492.35,-1492.35,USD,00:00.0, ,C,,,,0,
DisputeDetails,393220,725849540,CB,ENDINV,14.96,14.96,USD,2.15E+12,541606XXXXXX1234,,MC,37,NO CARDHOLDER AUTHORIZATION,,,8/14/2024,10/19/2024,10/19/2024,11/27/2024,1,,,5.54E+22,14.96,14.96,USD,00:00.0,,,,,,0,
DisputeDetails,393319,725849541,CB,ENDINV,665,665,USD,2.15E+12,541606XXXXXX1234,,MC,37,NO CARDHOLDER AUTHORIZATION,,,8/14/2024,10/19/2024,10/19/2024,11/27/2024,1,,,5.54E+22,665,665,USD,00:00.0,,,,,,0,
DisputeDetails,409803,663976466,ECP,ENDINV,120,120,CAD,2.07E+12,XXX1234,,EC,R01,INSUFFICIENT FUNDS,1,Insufficient / Uncollected Funds,10/20/2023,10/25/2023,10/26/2023,,1,,PPD,,120,120,CAD,00:00.0,,,,,,0,
DisputeDetails,409803,663976546,ECP,ENDINV,90.42,90.42,CAD,2.07E+12,XXX1234,,EC,R01,INSUFFICIENT FUNDS,1,Insufficient / Uncollected Funds,10/20/2023,10/25/2023,10/26/2023,,1,,PPD,,90.42,90.42,CAD,00:00.0,,,,,,0,
DisputeDetails,409804,663976428,ECP,ENDINV,65.12,65.12,CAD,2.06E+12,XXX1234,,EC,R01,INSUFFICIENT FUNDS,1,Insufficient / Uncollected Funds,10/19/2023,10/25/2023,10/26/2023,,1,,PPD,,65.12,65.12,CAD,00:00.0,,,,,,0,
DisputeDetails,409804,663976462,ECP,ENDINV,72.56,72.56,CAD,2.06E+12,XXX1234,,EC,R01,INSUFFICIENT FUNDS,1,Insufficient / Uncollected Funds,10/20/2023,10/25/2023,10/26/2023,,1,,PPD,,72.56,72.56,CAD,00:00.0,,,,,,0,
DisputeDetails,409804,725789246,CB,RTM,-685.93,-685.93,CAD,3.20E+12,452088XXXXXX1234,,VI,10.4,FRAUD TRANS - CARD ABSENT ENVIRONMENT,,,9/23/2024,10/17/2024,10/20/2024,11/4/2024,9,,,7.45E+22,-685.93,-685.93,CAD,00:00.0,,,,,,0,
DisputeDetails,410932,725813999,CB,ENDINV,200,200,USD,1.70E+13,452088XXXXXX1234,,VI,10.4,FRAUD TRANS - CARD ABSENT ENVIRONMENT,,,10/14/2024,10/17/2024,10/19/2024,11/4/2024,9,,,2.47E+22,200,200,USD,00:00.0,,,,,,0,
DisputeDetails,412585,724614145,CB,ENDINV,200.58,200.58,USD,1.69E+12,541606XXXXXX1234,,MC,34,Point of Interaction Error,,,9/27/2024,10/12/2024,10/12/2024,11/20/2024,1,,,5.54E+22,200.58,200.58,USD,00:00.0,,,,,,0,
DisputeDetails,417255,725742845,CB,RTM,-110.71,-110.71,USD,7.51E+12,452088XXXXXX1234,,VI,10.4,FRAUD TRANS - CARD ABSENT ENVIRONMENT,,,10/14/2024,10/16/2024,10/20/2024,11/3/2024,9,,,2.47E+22,-110.71,-110.71,USD,00:00.0,,,,,,0,
DisputeDetails,418097,725721499,CB,RTM,-327.68,-327.68,USD,1.21E+13,452088XXXXXX1234,,VI,10.4,FRAUD TRANS - CARD ABSENT ENVIRONMENT,,,7/3/2024,10/16/2024,10/20/2024,11/3/2024,9,,,2.47E+22,-327.68,-327.68,USD,00:00.0,,,,,,0,
DisputeDetails,418097,725769356,AJ,RTM,-601.8,-601.8,USD,1.34E+13,531260XXXXXX1234,,AP,A04,FRAUDULENT TRANSACTION,,,10/4/2024,10/18/2024,10/20/2024,11/26/2024,,,,16832416,-601.8,-601.8,USD,00:00.0, ,C,,,,0,
DisputeDetails,418124,725810030,CB,ENDINV,183.13,183.13,USD,1.33E+13,452088XXXXXX1234,,VI,12.6.1,DUPLICATE PROCESSING,,,9/27/2024,10/17/2024,10/19/2024,11/10/2024,9,,,2.47E+22,183.13,183.13,USD,00:00.0,,,,,,0,
DisputeDetails,418124,725829256,CB,ENDINV,380.35,380.35,USD,1.35E+13,452088XXXXXX1234,,VI,12.6.1,DUPLICATE PROCESSING,,,10/17/2024,10/17/2024,10/19/2024,11/10/2024,9,,,2.47E+22,380.35,380.35,USD,00:00.0,,,,,,0,
DisputeDetails,418124,725842900,CB,ENDINV,716.39,716.39,USD,1.34E+13,541606XXXXXX1234,,MC,37,NO CARDHOLDER AUTHORIZATION,,,10/7/2024,10/19/2024,10/19/2024,11/27/2024,1,,,5.54E+22,716.39,716.39,USD,00:00.0,,,,,,0,
DisputeDetails,418124,725843221,CB,ENDINV,558.41,558.41,USD,1.33E+13,541606XXXXXX1234,,MC,37,NO CARDHOLDER AUTHORIZATION,,,9/29/2024,10/19/2024,10/19/2024,11/27/2024,1,,,5.54E+22,558.41,558.41,USD,00:00.0,,,,,,0,
DisputeDetails,418124,725843222,CB,ENDINV,151.8,151.8,USD,1.31E+13,541606XXXXXX1234,,MC,37,NO CARDHOLDER AUTHORIZATION,,,9/11/2024,10/19/2024,10/19/2024,11/27/2024,1,,,5.54E+22,151.8,151.8,USD,00:00.0,,,,,,0,
DisputeDetails,418124,725881700,CB,ENDINV,793.2,793.2,USD,1.35E+13,452088XXXXXX1234,,VI,10.4,FRAUD TRANS - CARD ABSENT ENVIRONMENT,,,10/12/2024,10/18/2024,10/20/2024,11/5/2024,9,,,2.47E+22,793.2,793.2,USD,00:00.0,,,,,,0,
DisputeDetails,418124,725902416,CB,ENDINV,2.8,2.8,USD,1.36E+13,452088XXXXXX1234,,VI,10.4,FRAUD TRANS - CARD ABSENT ENVIRONMENT,,,10/18/2024,10/18/2024,10/20/2024,11/5/2024,9,,,2.47E+22,2.8,2.8,USD,00:00.0,,,,,,0,
DisputeDetails,418124,725881700,CB,RECD,793.2,793.2,USD,1.35E+13,452088XXXXXX1234,,VI,10.4,FRAUD TRANS - CARD ABSENT ENVIRONMENT,,,10/12/2024,10/18/2024,10/20/2024,11/5/2024,9,,,2.47E+22,793.2,793.2,USD,00:00.0,,,,,,0,
DisputeDetails,418124,725902416,CB,RECD,2.8,2.8,USD,1.36E+13,452088XXXXXX1234,,VI,10.4,FRAUD TRANS - CARD ABSENT ENVIRONMENT,,,10/18/2024,10/18/2024,10/20/2024,11/5/2024,9,,,2.47E+22,2.8,2.8,USD,00:00.0,,,,,,0,
DisputeDetails,418124,725735393,CB,RTM,-161.8,-161.8,USD,1.35E+13,452088XXXXXX1234,,VI,10.4,FRAUD TRANS - CARD ABSENT ENVIRONMENT,,,10/14/2024,10/16/2024,10/20/2024,11/3/2024,9,,,2.47E+22,-161.8,-161.8,USD,00:00.0,,,,,,0,
DisputeDetails,418124,725769316,AJ,RTM,-130.6,-130.6,USD,1.34E+13,531260XXXXXX1234,,AP,A04,FRAUDULENT TRANSACTION,,,10/6/2024,10/18/2024,10/20/2024,11/26/2024,,,,41850873,-130.6,-130.6,USD,00:00.0, ,C,,,,0,
DisputeDetails,418124,725776136,AJ,RTM,-431.8,-431.8,USD,1.33E+13,531260XXXXXX1234,,SP,A06,CARDHOLDER DISPUTING CHARGE,,,9/29/2024,10/18/2024,10/20/2024,11/11/2024,,,,959480783,-431.8,-431.8,USD,00:00.0, ,C,,,,0,
DisputeDetails,418126,725786449,AJ,RECD,534.07,534.07,USD,1.35E+13,531260XXXXXX1234,,AP,A04,FRAUDULENT TRANSACTION,,,10/15/2024,10/19/2024,10/20/2024,11/27/2024,,,,145551782,534.07,534.07,USD,00:00.0,CR,C,2429204Z1,,,0,
DisputeDetails,418126,725707288,CB,RTM,-304.45,-304.45,USD,1.35E+13,452088XXXXXX1234,,VI,10.4,FRAUD TRANS - CARD ABSENT ENVIRONMENT,,,10/11/2024,10/16/2024,10/20/2024,11/3/2024,9,,,2.47E+22,-304.45,-304.45,USD,00:00.0,,,,,,0,
DisputeDetails,418126,725786449,AJ,RTM,-534.07,-534.07,USD,1.35E+13,531260XXXXXX1234,,AP,A04,FRAUDULENT TRANSACTION,,,10/15/2024,10/19/2024,10/20/2024,11/27/2024,,,,145551782,-534.07,-534.07,USD,00:00.0, ,C,,,,0,
DisputeDetails,418127,724925459,CB,ENDINV,61.66,61.66,USD,1.34E+13,541606XXXXXX1234,,MC,34,Point of Interaction Error,,,10/2/2024,10/15/2024,10/15/2024,11/23/2024,1,,,5.54E+22,61.66,61.66,USD,00:00.0,,,,,,0,
DisputeDetails,418127,725800852,CB,ENDINV,519.8,519.8,USD,1.32E+13,531260XXXXXX1234,,SP,A04,FRAUDULENT TRANSACTION,,,9/19/2024,10/19/2024,10/20/2024,11/12/2024,1,,,,519.8,519.8,USD,00:00.0,,,,,,0,
DisputeDetails,418127,725848040,CB,ENDINV,498.11,498.11,USD,1.27E+13,541606XXXXXX1234,,MC,37,NO CARDHOLDER AUTHORIZATION,,,8/19/2024,10/19/2024,10/19/2024,11/27/2024,1,,,5.54E+22,498.11,498.11,USD,00:00.0,,,,,,0,
DisputeDetails,418127,725800852,AJ,RECD,519.8,519.8,USD,1.32E+13,531260XXXXXX1234,,SP,A04,FRAUDULENT TRANSACTION,,,9/19/2024,10/19/2024,10/20/2024,11/12/2024,,,,841348977,519.8,519.8,USD,00:00.0, ,C,,,,0,
DisputeDetails,418127,725776134,AJ,RTM,-506.96,-506.96,USD,1.29E+13,531260XXXXXX1234,,SP,A04,FRAUDULENT TRANSACTION,,,8/29/2024,10/18/2024,10/20/2024,11/11/2024,,,,595886025,-506.96,-506.96,USD,00:00.0, ,C,,,,0,
DisputeDetails,418127,725776138,AJ,RTM,-217.37,-217.37,USD,1.31E+13,531260XXXXXX1234,,SP,A04,FRAUDULENT TRANSACTION,,,9/13/2024,10/18/2024,10/20/2024,11/11/2024,,,,772098328,-217.37,-217.37,USD,00:00.0, ,C,,,,0,
DisputeDetails,418129,725836436,CB,ENDINV,55,55,USD,1.35E+13,452088XXXXXX1234,,VI,12.6.1,DUPLICATE PROCESSING,,,10/12/2024,10/17/2024,10/19/2024,11/10/2024,9,,,2.47E+22,55,55,USD,00:00.0,,,,,,0,
DisputeDetails,418143,725825429,CB,ENDINV,368.86,368.86,USD,1.29E+13,452088XXXXXX1234,,VI,12.6.2,PAID BY OTHER MEANS,,,8/30/2024,10/17/2024,10/19/2024,11/10/2024,9,,,2.47E+22,368.86,368.86,USD,00:00.0,,,,,,0,
DisputeDetails,418143,725710936,CB,RTM,-10,-10,USD,1.34E+13,452088XXXXXX1234,,VI,10.4,FRAUD TRANS - CARD ABSENT ENVIRONMENT,,,10/10/2024,10/16/2024,10/20/2024,11/3/2024,9,,,2.47E+22,-10,-10,USD,00:00.0,,,,,,0,
DisputeDetails,418143,725745721,CB,RTM,-10,-10,USD,1.34E+13,452088XXXXXX1234,,VI,10.4,FRAUD TRANS - CARD ABSENT ENVIRONMENT,,,10/4/2024,10/16/2024,10/20/2024,11/3/2024,9,,,2.47E+22,-10,-10,USD,00:00.0,,,,,,0,
DisputeDetails,429750,725860891,CB,ENDINV,216.6,216.6,CAD,1.68E+12,472409XXXXXX1234,,VR,10.4,FRAUD TRANS - CARD ABSENT ENVIRONMENT,,,8/29/2024,10/18/2024,10/20/2024,11/5/2024,9,,,7.45E+22,216.6,216.6,CAD,00:00.0,,,,,,0,
DisputeDetails,429750,725860891,CB,RECD,216.6,216.6,CAD,1.68E+12,472409XXXXXX1234,,VR,10.4,FRAUD TRANS - CARD ABSENT ENVIRONMENT,,,8/29/2024,10/18/2024,10/20/2024,11/5/2024,9,,,7.45E+22,216.6,216.6,CAD,00:00.0,,,,,,0,
DisputeDetails,430724,663976542,ECP,ENDINV,481.4,481.4,CAD,1.17E+12,XXX1234,,EC,R01,INSUFFICIENT FUNDS,1,Insufficient / Uncollected Funds,10/20/2023,10/25/2023,10/26/2023,,1,,PPD,,481.4,481.4,CAD,00:00.0,,,,,,0,
DisputeDetails,430724,663976585,ECP,ENDINV,530.91,530.91,CAD,1.20E+12,XXX1234,,EC,R01,INSUFFICIENT FUNDS,1,Insufficient / Uncollected Funds,10/20/2023,10/25/2023,10/26/2023,,1,,PPD,,530.91,530.91,CAD,00:00.0,,,,,,0,
DisputeDetails,430724,663976640,ECP,ENDINV,2000,2000,CAD,1.17E+12,XXX1234,,EC,R09,UNCOLLECTED FUNDS,1,Insufficient / Uncollected Funds,10/20/2023,10/25/2023,10/26/2023,,1,,PPD,,2000,2000,CAD,00:00.0,,,,,,0,
DisputeDetails,442142,724073131,CB,ENDINV,200.75,200.75,USD,1.17E+13,541606XXXXXX1234,,MC,34,Point of Interaction Error,,,10/2/2024,10/9/2024,10/9/2024,11/17/2024,1,,,5.54E+22,200.75,200.75,USD,00:00.0,,,,,,0,
DisputeDetails,442142,725823686,CB,ENDINV,66.47,66.47,USD,1.18E+13,452088XXXXXX1234,,VI,12.6.1,DUPLICATE PROCESSING,,,10/14/2024,10/17/2024,10/19/2024,11/10/2024,9,,,2.47E+22,66.47,66.47,USD,00:00.0,,,,,,0,
DisputeDetails,442142,725829345,CB,ENDINV,120.92,120.92,USD,1.16E+13,452088XXXXXX1234,,VI,13.1,SERVICES NOT RENDERED/MDSE NOT RECVD,,,9/12/2024,10/17/2024,10/19/2024,11/10/2024,9,,,2.47E+22,120.92,120.92,USD,00:00.0,,,,,,0,
DisputeDetails,442142,725709819,CB,RTM,-327.87,-327.87,USD,1.16E+13,452088XXXXXX1234,,VI,10.4,FRAUD TRANS - CARD ABSENT ENVIRONMENT,,,9/16/2024,10/16/2024,10/20/2024,11/3/2024,9,,,2.47E+22,-327.87,-327.87,USD,00:00.0,,,,,,0,
DisputeDetails,442145,725799754,CB,ENDINV,614.76,614.76,USD,1.18E+13,531260XXXXXX1234,,SP,A06,CARDHOLDER DISPUTING CHARGE,,,10/16/2024,10/19/2024,10/20/2024,11/12/2024,1,,,,614.76,614.76,USD,00:00.0,,,,,,0,
DisputeDetails,442145,725828881,CB,ENDINV,102.75,102.75,USD,1.18E+13,452088XXXXXX1234,,VI,10.4,FRAUD TRANS - CARD ABSENT ENVIRONMENT,,,10/16/2024,10/17/2024,10/19/2024,11/4/2024,9,,,2.47E+22,102.75,102.75,USD,00:00.0,,,,,,0,
DisputeDetails,442145,725799754,AJ,RECD,614.76,614.76,USD,1.18E+13,531260XXXXXX1234,,SP,A06,CARDHOLDER DISPUTING CHARGE,,,10/16/2024,10/19/2024,10/20/2024,11/12/2024,,,,156182722,614.76,614.76,USD,00:00.0,CR,C,2.41E+13,,,0,
DisputeDetails,442145,725774583,AJ,RTM,-104.77,-104.77,USD,1.17E+13,531260XXXXXX1234,,PP,A04,FRAUDULENT TRANSACTION,,,10/1/2024,10/18/2024,10/20/2024,11/11/2024,,,,981020627,-104.77,-104.77,USD,00:00.0, ,C,,,,0,
DisputeDetails,442145,725774997,AJ,RTM,-88.62,-88.62,USD,1.17E+13,531260XXXXXX1234,,SP,A06,CARDHOLDER DISPUTING CHARGE,,,9/22/2024,10/18/2024,10/20/2024,11/11/2024,,,,878909575,-88.62,-88.62,USD,00:00.0, ,C,,,,0,
DisputeDetails,442145,725774999,AJ,RTM,-180.47,-180.47,USD,1.17E+13,531260XXXXXX1234,,SP,A06,CARDHOLDER DISPUTING CHARGE,,,9/22/2024,10/18/2024,10/20/2024,11/11/2024,,,,878909572,-180.47,-180.47,USD,00:00.0, ,C,,,,0,
DisputeDetails,447306,663976427,ECP,ENDINV,247.56,247.56,CAD,1.67E+12,XXX1234,,EC,R03,NO ACCOUNT/UNABLE TO LOCATE ACCOUNT,3,Administrative,10/19/2023,10/25/2023,10/26/2023,,1,,PPD,,247.56,247.56,CAD,00:00.0,,,,,,0,
DisputeDetails,447307,663976417,ECP,ENDINV,40.95,40.95,CAD,1.66E+12,XXX1234,,EC,R14,ACCOUNT HOLDER DECEASED,4,Miscellaneous,10/18/2023,10/25/2023,10/26/2023,,1,,PPD,,40.95,40.95,CAD,00:00.0,,,,,,0,
DisputeDetails,447307,663976429,ECP,ENDINV,55.86,55.86,CAD,1.67E+12,XXX1234,,EC,R01,INSUFFICIENT FUNDS,1,Insufficient / Uncollected Funds,10/20/2023,10/25/2023,10/26/2023,,1,,PPD,,55.86,55.86,CAD,00:00.0,,,,,,0,
DisputeDetails,447307,663976430,ECP,ENDINV,147.16,147.16,CAD,1.67E+12,XXX1234,,EC,R01,INSUFFICIENT FUNDS,1,Insufficient / Uncollected Funds,10/20/2023,10/25/2023,10/26/2023,,1,,PPD,,147.16,147.16,CAD,00:00.0,,,,,,0,
DisputeDetails,447307,663976431,ECP,ENDINV,79.68,79.68,CAD,1.67E+12,XXX1234,,EC,R01,INSUFFICIENT FUNDS,1,Insufficient / Uncollected Funds,10/20/2023,10/25/2023,10/26/2023,,1,,PPD,,79.68,79.68,CAD,00:00.0,,,,,,0,
DisputeDetails,447307,663976432,ECP,ENDINV,82.61,82.61,CAD,1.67E+12,XXX1234,,EC,R01,INSUFFICIENT FUNDS,1,Insufficient / Uncollected Funds,10/20/2023,10/25/2023,10/26/2023,,1,,PPD,,82.61,82.61,CAD,00:00.0,,,,,,0,
DisputeDetails,447307,663976433,ECP,ENDINV,31.88,31.88,CAD,1.67E+12,XXX1234,,EC,R01,INSUFFICIENT FUNDS,1,Insufficient / Uncollected Funds,10/20/2023,10/25/2023,10/26/2023,,1,,PPD,,31.88,31.88,CAD,00:00.0,,,,,,0,
DisputeDetails,447307,663976434,ECP,ENDINV,70.77,70.77,CAD,1.68E+12,XXX1234,,EC,R01,INSUFFICIENT FUNDS,1,Insufficient / Uncollected Funds,10/20/2023,10/25/2023,10/26/2023,,1,,PPD,,70.77,70.77,CAD,00:00.0,,,,,,0,
DisputeDetails,447307,663976449,ECP,ENDINV,49.26,49.26,CAD,1.66E+12,XXX1234,,EC,R01,INSUFFICIENT FUNDS,1,Insufficient / Uncollected Funds,10/18/2023,10/25/2023,10/26/2023,,1,,PPD,,49.26,49.26,CAD,00:00.0,,,,,,0,
DisputeDetails,447307,663976450,ECP,ENDINV,49.46,49.46,CAD,1.66E+12,XXX1234,,EC,R01,INSUFFICIENT FUNDS,1,Insufficient / Uncollected Funds,10/18/2023,10/25/2023,10/26/2023,,1,,PPD,,49.46,49.46,CAD,00:00.0,,,,,,0,
DisputeDetails,447307,663976452,ECP,ENDINV,111.15,111.15,CAD,1.67E+12,XXX1234,,EC,R01,INSUFFICIENT FUNDS,1,Insufficient / Uncollected Funds,10/20/2023,10/25/2023,10/26/2023,,1,,PPD,,111.15,111.15,CAD,00:00.0,,,,,,0,
DisputeDetails,447307,663976454,ECP,ENDINV,94.76,94.76,CAD,1.65E+12,XXX1234,,EC,R01,INSUFFICIENT FUNDS,1,Insufficient / Uncollected Funds,10/20/2023,10/25/2023,10/26/2023,,1,,PPD,,94.76,94.76,CAD,00:00.0,,,,,,0,
DisputeDetails,447307,663976455,ECP,ENDINV,252.58,252.58,CAD,1.67E+12,XXX1234,,EC,R01,INSUFFICIENT FUNDS,1,Insufficient / Uncollected Funds,10/20/2023,10/25/2023,10/26/2023,,1,,PPD,,252.58,252.58,CAD,00:00.0,,,,,,0,
DisputeDetails,447307,663976456,ECP,ENDINV,224.66,224.66,CAD,1.67E+12,XXX1234,,EC,R01,INSUFFICIENT FUNDS,1,Insufficient / Uncollected Funds,10/20/2023,10/25/2023,10/26/2023,,1,,PPD,,224.66,224.66,CAD,00:00.0,,,,,,0,
DisputeDetails,447307,663976457,ECP,ENDINV,141.9,141.9,CAD,1.67E+12,XXX1234,,EC,R01,INSUFFICIENT FUNDS,1,Insufficient / Uncollected Funds,10/20/2023,10/25/2023,10/26/2023,,1,,PPD,,141.9,141.9,CAD,00:00.0,,,,,,0,
DisputeDetails,447307,663976458,ECP,ENDINV,63.11,63.11,CAD,1.67E+12,XXX1234,,EC,R01,INSUFFICIENT FUNDS,1,Insufficient / Uncollected Funds,10/20/2023,10/25/2023,10/26/2023,,1,,PPD,,63.11,63.11,CAD,00:00.0,,,,,,0,
DisputeDetails,447307,663976459,ECP,ENDINV,64.6,64.6,CAD,1.67E+12,XXX1234,,EC,R01,INSUFFICIENT FUNDS,1,Insufficient / Uncollected Funds,10/20/2023,10/25/2023,10/26/2023,,1,,PPD,,64.6,64.6,CAD,00:00.0,,,,,,0,
DisputeDetails,447307,663976460,ECP,ENDINV,119.88,119.88,CAD,1.67E+12,XXX1234,,EC,R01,INSUFFICIENT FUNDS,1,Insufficient / Uncollected Funds,10/20/2023,10/25/2023,10/26/2023,,1,,PPD,,119.88,119.88,CAD,00:00.0,,,,,,0,
DisputeDetails,447307,663976461,ECP,ENDINV,217.57,217.57,CAD,1.67E+12,XXX1234,,EC,R01,INSUFFICIENT FUNDS,1,Insufficient / Uncollected Funds,10/20/2023,10/25/2023,10/26/2023,,1,,PPD,,217.57,217.57,CAD,00:00.0,,,,,,0,
DisputeDetails,447307,663976463,ECP,ENDINV,124.41,124.41,CAD,1.68E+12,XXX1234,,EC,R01,INSUFFICIENT FUNDS,1,Insufficient / Uncollected Funds,10/20/2023,10/25/2023,10/26/2023,,1,,PPD,,124.41,124.41,CAD,00:00.0,,,,,,0,
DisputeDetails,447307,663976464,ECP,ENDINV,150,150,CAD,1.68E+12,XXX1234,,EC,R01,INSUFFICIENT FUNDS,1,Insufficient / Uncollected Funds,10/20/2023,10/25/2023,10/26/2023,,1,,PPD,,150,150,CAD,00:00.0,,,,,,0,
DisputeDetails,447307,663976465,ECP,ENDINV,98,98,CAD,1.68E+12,XXX1234,,EC,R01,INSUFFICIENT FUNDS,1,Insufficient / Uncollected Funds,10/20/2023,10/25/2023,10/26/2023,,1,,PPD,,98,98,CAD,00:00.0,,,,,,0,
DisputeDetails,447307,663976505,ECP,ENDINV,67.62,67.62,CAD,1.67E+12,XXX1234,,EC,R01,INSUFFICIENT FUNDS,1,Insufficient / Uncollected Funds,10/20/2023,10/25/2023,10/26/2023,,1,,PPD,,67.62,67.62,CAD,00:00.0,,,,,,0,
DisputeDetails,447307,663976513,ECP,ENDINV,195.26,195.26,CAD,1.67E+12,XXX1234,,EC,R01,INSUFFICIENT FUNDS,1,Insufficient / Uncollected Funds,10/20/2023,10/25/2023,10/26/2023,,1,,PPD,,195.26,195.26,CAD,00:00.0,,,,,,0,
DisputeDetails,447307,663976521,ECP,ENDINV,535.45,535.45,CAD,1.67E+12,XXX1234,,EC,R01,INSUFFICIENT FUNDS,1,Insufficient / Uncollected Funds,10/20/2023,10/25/2023,10/26/2023,,1,,PPD,,535.45,535.45,CAD,00:00.0,,,,,,0,
DisputeDetails,447307,663976525,ECP,ENDINV,96.81,96.81,CAD,1.68E+12,XXX1234,,EC,R01,INSUFFICIENT FUNDS,1,Insufficient / Uncollected Funds,10/20/2023,10/25/2023,10/26/2023,,1,,PPD,,96.81,96.81,CAD,00:00.0,,,,,,0,
DisputeDetails,447307,663976526,ECP,ENDINV,124,124,CAD,1.67E+12,XXX1234,,EC,R01,INSUFFICIENT FUNDS,1,Insufficient / Uncollected Funds,10/20/2023,10/25/2023,10/26/2023,,1,,PPD,,124,124,CAD,00:00.0,,,,,,0,
DisputeDetails,447307,663976533,ECP,ENDINV,164.56,164.56,CAD,1.67E+12,XXX1234,,EC,R01,INSUFFICIENT FUNDS,1,Insufficient / Uncollected Funds,10/20/2023,10/25/2023,10/26/2023,,1,,PPD,,164.56,164.56,CAD,00:00.0,,,,,,0,
DisputeDetails,447307,663976534,ECP,ENDINV,197.93,197.93,CAD,1.67E+12,XXX1234,,EC,R01,INSUFFICIENT FUNDS,1,Insufficient / Uncollected Funds,10/20/2023,10/25/2023,10/26/2023,,1,,PPD,,197.93,197.93,CAD,00:00.0,,,,,,0,
DisputeDetails,447307,663976535,ECP,ENDINV,153.43,153.43,CAD,1.67E+12,XXX1234,,EC,R01,INSUFFICIENT FUNDS,1,Insufficient / Uncollected Funds,10/20/2023,10/25/2023,10/26/2023,,1,,PPD,,153.43,153.43,CAD,00:00.0,,,,,,0,
DisputeDetails,447307,663976536,ECP,ENDINV,143.2,143.2,CAD,1.67E+12,XXX1234,,EC,R01,INSUFFICIENT FUNDS,1,Insufficient / Uncollected Funds,10/20/2023,10/25/2023,10/26/2023,,1,,PPD,,143.2,143.2,CAD,00:00.0,,,,,,0,
DisputeDetails,447307,663976537,ECP,ENDINV,152.45,152.45,CAD,1.67E+12,XXX1234,,EC,R01,INSUFFICIENT FUNDS,1,Insufficient / Uncollected Funds,10/20/2023,10/25/2023,10/26/2023,,1,,PPD,,152.45,152.45,CAD,00:00.0,,,,,,0,
DisputeDetails,447307,663976538,ECP,ENDINV,143.41,143.41,CAD,1.67E+12,XXX1234,,EC,R01,INSUFFICIENT FUNDS,1,Insufficient / Uncollected Funds,10/20/2023,10/25/2023,10/26/2023,,1,,PPD,,143.41,143.41,CAD,00:00.0,,,,,,0,
DisputeDetails,447307,663976544,ECP,ENDINV,112.46,112.46,CAD,1.68E+12,XXX1234,,EC,R01,INSUFFICIENT FUNDS,1,Insufficient / Uncollected Funds,10/20/2023,10/25/2023,10/26/2023,,1,,PPD,,112.46,112.46,CAD,00:00.0,,,,,,0,
DisputeDetails,447307,663976557,ECP,ENDINV,90.24,90.24,CAD,1.67E+12,XXX1234,,EC,R01,INSUFFICIENT FUNDS,1,Insufficient / Uncollected Funds,10/20/2023,10/25/2023,10/26/2023,,1,,PPD,,90.24,90.24,CAD,00:00.0,,,,,,0,
DisputeDetails,447307,663976558,ECP,ENDINV,28.05,28.05,CAD,1.67E+12,XXX1234,,EC,R01,INSUFFICIENT FUNDS,1,Insufficient / Uncollected Funds,10/20/2023,10/25/2023,10/26/2023,,1,,PPD,,28.05,28.05,CAD,00:00.0,,,,,,0,
DisputeDetails,447307,663976560,ECP,ENDINV,39.2,39.2,CAD,1.67E+12,XXX1234,,EC,R02,ACCOUNT CLOSED,3,Administrative,10/20/2023,10/25/2023,10/26/2023,,1,,PPD,,39.2,39.2,CAD,00:00.0,,,,,,0,
DisputeDetails,447307,663976561,ECP,ENDINV,77.39,77.39,CAD,1.67E+12,XXX1234,,EC,R02,ACCOUNT CLOSED,3,Administrative,10/20/2023,10/25/2023,10/26/2023,,1,,PPD,,77.39,77.39,CAD,00:00.0,,,,,,0,
DisputeDetails,447307,663976562,ECP,ENDINV,208.46,208.46,CAD,1.67E+12,XXX1234,,EC,R01,INSUFFICIENT FUNDS,1,Insufficient / Uncollected Funds,10/20/2023,10/25/2023,10/26/2023,,1,,PPD,,208.46,208.46,CAD,00:00.0,,,,,,0,
DisputeDetails,447307,663976563,ECP,ENDINV,359.92,359.92,CAD,1.67E+12,XXX1234,,EC,R01,INSUFFICIENT FUNDS,1,Insufficient / Uncollected Funds,10/20/2023,10/25/2023,10/26/2023,,1,,PPD,,359.92,359.92,CAD,00:00.0,,,,,,0,
DisputeDetails,447307,663976568,ECP,ENDINV,70.16,70.16,CAD,1.67E+12,XXX1234,,EC,R03,NO ACCOUNT/UNABLE TO LOCATE ACCOUNT,3,Administrative,10/20/2023,10/25/2023,10/26/2023,,1,,PPD,,70.16,70.16,CAD,00:00.0,,,,,,0,
DisputeDetails,447307,663976569,ECP,ENDINV,89.12,89.12,CAD,1.67E+12,XXX1234,,EC,R01,INSUFFICIENT FUNDS,1,Insufficient / Uncollected Funds,10/20/2023,10/25/2023,10/26/2023,,1,,PPD,,89.12,89.12,CAD,00:00.0,,,,,,0,
DisputeDetails,447307,663976573,ECP,ENDINV,162.19,162.19,CAD,1.67E+12,XXX1234,,EC,R01,INSUFFICIENT FUNDS,1,Insufficient / Uncollected Funds,10/20/2023,10/25/2023,10/26/2023,,1,,PPD,,162.19,162.19,CAD,00:00.0,,,,,,0,
DisputeDetails,447307,663976574,ECP,ENDINV,146.39,146.39,CAD,1.67E+12,XXX1234,,EC,R01,INSUFFICIENT FUNDS,1,Insufficient / Uncollected Funds,10/20/2023,10/25/2023,10/26/2023,,1,,PPD,,146.39,146.39,CAD,00:00.0,,,,,,0,
DisputeDetails,447307,663976575,ECP,ENDINV,74.8,74.8,CAD,1.67E+12,XXX1234,,EC,R01,INSUFFICIENT FUNDS,1,Insufficient / Uncollected Funds,10/20/2023,10/25/2023,10/26/2023,,1,,PPD,,74.8,74.8,CAD,00:00.0,,,,,,0,
DisputeDetails,447307,663976576,ECP,ENDINV,132.21,132.21,CAD,1.67E+12,XXX1234,,EC,R01,INSUFFICIENT FUNDS,1,Insufficient / Uncollected Funds,10/20/2023,10/25/2023,10/26/2023,,1,,PPD,,132.21,132.21,CAD,00:00.0,,,,,,0,
DisputeDetails,447307,663976577,ECP,ENDINV,166.78,166.78,CAD,1.67E+12,XXX1234,,EC,R01,INSUFFICIENT FUNDS,1,Insufficient / Uncollected Funds,10/20/2023,10/25/2023,10/26/2023,,1,,PPD,,166.78,166.78,CAD,00:00.0,,,,,,0,
DisputeDetails,447307,663976578,ECP,ENDINV,35.56,35.56,CAD,1.67E+12,XXX1234,,EC,R01,INSUFFICIENT FUNDS,1,Insufficient / Uncollected Funds,10/20/2023,10/25/2023,10/26/2023,,1,,PPD,,35.56,35.56,CAD,00:00.0,,,,,,0,
DisputeDetails,447307,663976579,ECP,ENDINV,113.76,113.76,CAD,1.67E+12,XXX1234,,EC,R01,INSUFFICIENT FUNDS,1,Insufficient / Uncollected Funds,10/20/2023,10/25/2023,10/26/2023,,1,,PPD,,113.76,113.76,CAD,00:00.0,,,,,,0,
DisputeDetails,447307,663976580,ECP,ENDINV,400,400,CAD,1.67E+12,XXX1234,,EC,R01,INSUFFICIENT FUNDS,1,Insufficient / Uncollected Funds,10/20/2023,10/25/2023,10/26/2023,,1,,PPD,,400,400,CAD,00:00.0,,,,,,0,
DisputeDetails,447307,663976581,ECP,ENDINV,55.62,55.62,CAD,1.67E+12,XXX1234,,EC,R04,INVALID ACCOUNT #,3,Administrative,10/20/2023,10/25/2023,10/26/2023,,1,,PPD,,55.62,55.62,CAD,00:00.0,,,,,,0,
DisputeDetails,447307,663976582,ECP,ENDINV,65.72,65.72,CAD,1.68E+12,XXX1234,,EC,R01,INSUFFICIENT FUNDS,1,Insufficient / Uncollected Funds,10/20/2023,10/25/2023,10/26/2023,,1,,PPD,,65.72,65.72,CAD,00:00.0,,,,,,0,
DisputeDetails,447307,663976583,ECP,ENDINV,50,50,CAD,1.68E+12,XXX1234,,EC,R01,INSUFFICIENT FUNDS,1,Insufficient / Uncollected Funds,10/20/2023,10/25/2023,10/26/2023,,1,,PPD,,50,50,CAD,00:00.0,,,,,,0,
DisputeDetails,447307,663976586,ECP,ENDINV,60.5,60.5,CAD,1.68E+12,XXX1234,,EC,R01,INSUFFICIENT FUNDS,1,Insufficient / Uncollected Funds,10/20/2023,10/25/2023,10/26/2023,,1,,PPD,,60.5,60.5,CAD,00:00.0,,,,,,0,
DisputeDetails,447307,663976626,ECP,ENDINV,88.31,88.31,CAD,1.66E+12,XXX1234,,EC,R10,CUSTOMER ADVISES NOT AUTHORIZED,2,Unauthorized Entry,10/18/2023,10/25/2023,10/26/2023,,1,,PPD,,88.31,88.31,CAD,00:00.0,,,,,,0,
DisputeDetails,447307,663976629,ECP,ENDINV,87.63,87.63,CAD,1.68E+12,XXX1234,,EC,R10,CUSTOMER ADVISES NOT AUTHORIZED,2,Unauthorized Entry,10/20/2023,10/25/2023,10/26/2023,,1,,PPD,,87.63,87.63,CAD,00:00.0,,,,,,0,
DisputeDetails,447307,663976630,ECP,ENDINV,124.27,124.27,CAD,1.68E+12,XXX1234,,EC,R10,CUSTOMER ADVISES NOT AUTHORIZED,2,Unauthorized Entry,10/20/2023,10/25/2023,10/26/2023,,1,,PPD,,124.27,124.27,CAD,00:00.0,,,,,,0,
DisputeDetails,447307,663976631,ECP,ENDINV,140.32,140.32,CAD,1.68E+12,XXX1234,,EC,R10,CUSTOMER ADVISES NOT AUTHORIZED,2,Unauthorized Entry,10/20/2023,10/25/2023,10/26/2023,,1,,PPD,,140.32,140.32,CAD,00:00.0,,,,,,0,
DisputeDetails,447307,663976632,ECP,ENDINV,152.71,152.71,CAD,1.68E+12,XXX1234,,EC,R10,CUSTOMER ADVISES NOT AUTHORIZED,2,Unauthorized Entry,10/20/2023,10/25/2023,10/26/2023,,1,,PPD,,152.71,152.71,CAD,00:00.0,,,,,,0,
DisputeDetails,447307,663976633,ECP,ENDINV,68.94,68.94,CAD,1.67E+12,XXX1234,,EC,R01,INSUFFICIENT FUNDS,1,Insufficient / Uncollected Funds,10/20/2023,10/25/2023,10/26/2023,,1,,PPD,,68.94,68.94,CAD,00:00.0,,,,,,0,
DisputeDetails,447307,663976634,ECP,ENDINV,72.29,72.29,CAD,1.68E+12,XXX1234,,EC,R09,UNCOLLECTED FUNDS,1,Insufficient / Uncollected Funds,10/20/2023,10/25/2023,10/26/2023,,1,,PPD,,72.29,72.29,CAD,00:00.0,,,,,,0,
DisputeDetails,447307,663976635,ECP,ENDINV,120.29,120.29,CAD,1.67E+12,XXX1234,,EC,R01,INSUFFICIENT FUNDS,1,Insufficient / Uncollected Funds,10/20/2023,10/25/2023,10/26/2023,,1,,PPD,,120.29,120.29,CAD,00:00.0,,,,,,0,
DisputeDetails,447307,663976636,ECP,ENDINV,169.14,169.14,CAD,1.67E+12,XXX1234,,EC,R01,INSUFFICIENT FUNDS,1,Insufficient / Uncollected Funds,10/20/2023,10/25/2023,10/26/2023,,1,,PPD,,169.14,169.14,CAD,00:00.0,,,,,,0,
DisputeDetails,447307,663976637,ECP,ENDINV,173.98,173.98,CAD,1.67E+12,XXX1234,,EC,R01,INSUFFICIENT FUNDS,1,Insufficient / Uncollected Funds,10/20/2023,10/25/2023,10/26/2023,,1,,PPD,,173.98,173.98,CAD,00:00.0,,,,,,0,
DisputeDetails,447307,663976639,ECP,ENDINV,60.04,60.04,CAD,1.68E+12,XXX1234,,EC,R01,INSUFFICIENT FUNDS,1,Insufficient / Uncollected Funds,10/20/2023,10/25/2023,10/26/2023,,1,,PPD,,60.04,60.04,CAD,00:00.0,,,,,,0,
DisputeDetails,447307,663976642,ECP,ENDINV,6.73,6.73,CAD,1.68E+12,XXX1234,,EC,R02,ACCOUNT CLOSED,3,Administrative,10/20/2023,10/25/2023,10/26/2023,,1,,PPD,,6.73,6.73,CAD,00:00.0,,,,,,0,
DisputeDetails,447307,663976643,ECP,ENDINV,273.83,273.83,CAD,1.67E+12,XXX1234,,EC,R03,NO ACCOUNT/UNABLE TO LOCATE ACCOUNT,3,Administrative,10/20/2023,10/25/2023,10/26/2023,,1,,PPD,,273.83,273.83,CAD,00:00.0,,,,,,0,
DisputeDetails,447307,663976644,ECP,ENDINV,87.43,87.43,CAD,1.68E+12,XXX1234,,EC,R03,NO ACCOUNT/UNABLE TO LOCATE ACCOUNT,3,Administrative,10/20/2023,10/25/2023,10/26/2023,,1,,PPD,,87.43,87.43,CAD,00:00.0,,,,,,0,
DisputeDetails,447307,663976645,ECP,ENDINV,163.01,163.01,CAD,1.68E+12,XXX1234,,EC,R01,INSUFFICIENT FUNDS,1,Insufficient / Uncollected Funds,10/20/2023,10/25/2023,10/26/2023,,1,,PPD,,163.01,163.01,CAD,00:00.0,,,,,,0,
DisputeDetails,447307,663976646,ECP,ENDINV,50.85,50.85,CAD,1.68E+12,XXX1234,,EC,R01,INSUFFICIENT FUNDS,1,Insufficient / Uncollected Funds,10/20/2023,10/25/2023,10/26/2023,,1,,PPD,,50.85,50.85,CAD,00:00.0,,,,,,0,
DisputeDetails,447307,663976647,ECP,ENDINV,12.09,12.09,CAD,1.67E+12,XXX1234,,EC,R01,INSUFFICIENT FUNDS,1,Insufficient / Uncollected Funds,10/20/2023,10/25/2023,10/26/2023,,1,,PPD,,12.09,12.09,CAD,00:00.0,,,,,,0,
DisputeDetails,447307,663976648,ECP,ENDINV,32.44,32.44,CAD,1.68E+12,XXX1234,,EC,R01,INSUFFICIENT FUNDS,1,Insufficient / Uncollected Funds,10/20/2023,10/25/2023,10/26/2023,,1,,PPD,,32.44,32.44,CAD,00:00.0,,,,,,0,
DisputeDetails,447307,663976649,ECP,ENDINV,88.87,88.87,CAD,1.67E+12,XXX1234,,EC,R03,NO ACCOUNT/UNABLE TO LOCATE ACCOUNT,3,Administrative,10/20/2023,10/25/2023,10/26/2023,,1,,PPD,,88.87,88.87,CAD,00:00.0,,,,,,0,
DisputeDetails,447307,663976650,ECP,ENDINV,156.75,156.75,CAD,1.67E+12,XXX1234,,EC,R03,NO ACCOUNT/UNABLE TO LOCATE ACCOUNT,3,Administrative,10/20/2023,10/25/2023,10/26/2023,,1,,PPD,,156.75,156.75,CAD,00:00.0,,,,,,0,
DisputeDetails,447307,663976651,ECP,ENDINV,150,150,CAD,1.68E+12,XXX1234,,EC,R01,INSUFFICIENT FUNDS,1,Insufficient / Uncollected Funds,10/20/2023,10/25/2023,10/26/2023,,1,,PPD,,150,150,CAD,00:00.0,,,,,,0,
DisputeDetails,447307,663976652,ECP,ENDINV,339.67,339.67,CAD,1.67E+12,XXX1234,,EC,R09,UNCOLLECTED FUNDS,1,Insufficient / Uncollected Funds,10/20/2023,10/25/2023,10/26/2023,,1,,PPD,,339.67,339.67,CAD,00:00.0,,,,,,0,
DisputeDetails,447307,663976746,ECP,ENDINV,108.85,108.85,CAD,1.67E+12,XXX1234,,EC,R01,INSUFFICIENT FUNDS,1,Insufficient / Uncollected Funds,10/20/2023,10/25/2023,10/26/2023,,1,,PPD,,108.85,108.85,CAD,00:00.0,,,,,,0,
DisputeDetails,447307,663976747,ECP,ENDINV,58.75,58.75,CAD,1.67E+12,XXX1234,,EC,R01,INSUFFICIENT FUNDS,1,Insufficient / Uncollected Funds,10/20/2023,10/25/2023,10/26/2023,,1,,PPD,,58.75,58.75,CAD,00:00.0,,,,,,0,
DisputeDetails,447307,663976748,ECP,ENDINV,110.55,110.55,CAD,1.67E+12,XXX1234,,EC,R01,INSUFFICIENT FUNDS,1,Insufficient / Uncollected Funds,10/20/2023,10/25/2023,10/26/2023,,1,,PPD,,110.55,110.55,CAD,00:00.0,,,,,,0,
DisputeDetails,447307,663976749,ECP,ENDINV,67,67,CAD,1.67E+12,XXX1234,,EC,R01,INSUFFICIENT FUNDS,1,Insufficient / Uncollected Funds,10/20/2023,10/25/2023,10/26/2023,,1,,PPD,,67,67,CAD,00:00.0,,,,,,0,
DisputeDetails,447307,663976750,ECP,ENDINV,132.25,132.25,CAD,1.67E+12,XXX1234,,EC,R01,INSUFFICIENT FUNDS,1,Insufficient / Uncollected Funds,10/20/2023,10/25/2023,10/26/2023,,1,,PPD,,132.25,132.25,CAD,00:00.0,,,,,,0,
DisputeDetails,447307,663976751,ECP,ENDINV,134.87,134.87,CAD,1.67E+12,XXX1234,,EC,R01,INSUFFICIENT FUNDS,1,Insufficient / Uncollected Funds,10/20/2023,10/25/2023,10/26/2023,,1,,PPD,,134.87,134.87,CAD,00:00.0,,,,,,0,
DisputeDetails,447307,663976752,ECP,ENDINV,127.68,127.68,CAD,1.67E+12,XXX1234,,EC,R01,INSUFFICIENT FUNDS,1,Insufficient / Uncollected Funds,10/20/2023,10/25/2023,10/26/2023,,1,,PPD,,127.68,127.68,CAD,00:00.0,,,,,,0,
DisputeDetails,447307,663976753,ECP,ENDINV,88.13,88.13,CAD,1.67E+12,XXX1234,,EC,R01,INSUFFICIENT FUNDS,1,Insufficient / Uncollected Funds,10/20/2023,10/25/2023,10/26/2023,,1,,PPD,,88.13,88.13,CAD,00:00.0,,,,,,0,
DisputeDetails,447307,663976754,ECP,ENDINV,88.24,88.24,CAD,1.67E+12,XXX1234,,EC,R01,INSUFFICIENT FUNDS,1,Insufficient / Uncollected Funds,10/20/2023,10/25/2023,10/26/2023,,1,,PPD,,88.24,88.24,CAD,00:00.0,,,,,,0,
DisputeDetails,447307,663976760,ECP,ENDINV,56.5,56.5,CAD,1.68E+12,XXX1234,,EC,R01,INSUFFICIENT FUNDS,1,Insufficient / Uncollected Funds,10/20/2023,10/25/2023,10/26/2023,,1,,PPD,,56.5,56.5,CAD,00:00.0,,,,,,0,
DisputeDetails,447307,663976761,ECP,ENDINV,52.31,52.31,CAD,1.68E+12,XXX1234,,EC,R01,INSUFFICIENT FUNDS,1,Insufficient / Uncollected Funds,10/20/2023,10/25/2023,10/26/2023,,1,,PPD,,52.31,52.31,CAD,00:00.0,,,,,,0,
DisputeDetails,447307,663976762,ECP,ENDINV,157.83,157.83,CAD,1.68E+12,XXX1234,,EC,R02,ACCOUNT CLOSED,3,Administrative,10/20/2023,10/25/2023,10/26/2023,,1,,PPD,,157.83,157.83,CAD,00:00.0,,,,,,0,
DisputeDetails,447307,663976766,ECP,ENDINV,157.47,157.47,CAD,1.68E+12,XXX1234,,EC,R38,STOP PAYMNT ON SOURCE DOC,4,Miscellaneous,10/20/2023,10/25/2023,10/26/2023,,1,,PPD,,157.47,157.47,CAD,00:00.0,,,,,,0,
DisputeDetails,447307,663976767,ECP,ENDINV,115.63,115.63,CAD,1.68E+12,XXX1234,,EC,R01,INSUFFICIENT FUNDS,1,Insufficient / Uncollected Funds,10/20/2023,10/25/2023,10/26/2023,,1,,PPD,,115.63,115.63,CAD,00:00.0,,,,,,0,
DisputeDetails,447307,663976768,ECP,ENDINV,55.1,55.1,CAD,1.67E+12,XXX1234,,EC,R01,INSUFFICIENT FUNDS,1,Insufficient / Uncollected Funds,10/20/2023,10/25/2023,10/26/2023,,1,,PPD,,55.1,55.1,CAD,00:00.0,,,,,,0,
DisputeDetails,447307,663976769,ECP,ENDINV,53.53,53.53,CAD,1.67E+12,XXX1234,,EC,R01,INSUFFICIENT FUNDS,1,Insufficient / Uncollected Funds,10/20/2023,10/25/2023,10/26/2023,,1,,PPD,,53.53,53.53,CAD,00:00.0,,,,,,0,
DisputeDetails,447307,663976770,ECP,ENDINV,53.8,53.8,CAD,1.67E+12,XXX1234,,EC,R01,INSUFFICIENT FUNDS,1,Insufficient / Uncollected Funds,10/20/2023,10/25/2023,10/26/2023,,1,,PPD,,53.8,53.8,CAD,00:00.0,,,,,,0,
DisputeDetails,447307,663976771,ECP,ENDINV,47,47,CAD,1.67E+12,XXX1234,,EC,R01,INSUFFICIENT FUNDS,1,Insufficient / Uncollected Funds,10/20/2023,10/25/2023,10/26/2023,,1,,PPD,,47,47,CAD,00:00.0,,,,,,0,
DisputeDetails,447307,663976772,ECP,ENDINV,107.81,107.81,CAD,1.68E+12,XXX1234,,EC,R01,INSUFFICIENT FUNDS,1,Insufficient / Uncollected Funds,10/20/2023,10/25/2023,10/26/2023,,1,,PPD,,107.81,107.81,CAD,00:00.0,,,,,,0,
DisputeDetails,447307,663976778,ECP,ENDINV,202.09,202.09,CAD,1.68E+12,XXX1234,,EC,R08,PAYMENT STOPPED/REFUSED PAYMENT,4,Miscellaneous,10/20/2023,10/25/2023,10/26/2023,,1,,PPD,,202.09,202.09,CAD,00:00.0,,,,,,0,
DisputeDetails,458867,725774398,AJ,RTM,-601.75,-601.75,USD,2.13E+12,531260XXXXXX1234,,PP,A04,FRAUDULENT TRANSACTION,,,10/8/2024,10/18/2024,10/20/2024,11/11/2024,,,,63980548,-601.75,-601.75,USD,00:00.0, ,C,,,,0,
DisputeDetails,459633,725836396,CB,ENDINV,528.97,528.97,USD,1.06E+13,452088XXXXXX1234,,VI,12.6.1,DUPLICATE PROCESSING,,,10/15/2024,10/17/2024,10/19/2024,11/10/2024,9,,,2.47E+22,528.97,528.97,USD,00:00.0,,,,,,0,
DisputeDetails,459633,725786648,AJ,RECD,687.79,687.79,USD,1.01E+13,531260XXXXXX1234,,SP,A06,CARDHOLDER DISPUTING CHARGE,,,9/27/2024,10/19/2024,10/20/2024,11/12/2024,,,,933463690,687.79,687.79,USD,00:00.0,CR,C,2.41E+13,,,0,
DisputeDetails,459633,725592848,AJ,RTM,-893.75,-893.75,USD,1.06E+13,531260XXXXXX1234,,PP,A02,CONSUMER CHARGED MORE THAN ONCE,,,10/14/2024,10/17/2024,10/20/2024,11/10/2024,,,,134798002,-893.75,-893.75,USD,00:00.0, ,C,,,,0,
DisputeDetails,459633,725745650,CB,RTM,-592.65,-592.65,USD,1.04E+13,452088XXXXXX1234,,VI,12.6.2,PAID BY OTHER MEANS,,,10/9/2024,10/16/2024,10/20/2024,11/9/2024,9,,,2.47E+22,-592.65,-592.65,USD,00:00.0,,,,,,0,
DisputeDetails,459633,725773035,AJ,RTM,-738.81,-738.81,USD,1.01E+13,531260XXXXXX1234,,PP,A17,CREDIT NOT PROCESSED,,,9/27/2024,10/18/2024,10/20/2024,11/11/2024,,,,933462603,-738.81,-738.81,USD,00:00.0, ,C,,,,0,
DisputeDetails,459633,725774643,AJ,RTM,-724.35,-724.35,USD,1.03E+13,531260XXXXXX1234,,SP,A04,FRAUDULENT TRANSACTION,,,10/4/2024,10/18/2024,10/20/2024,11/11/2024,,,,15900845,-724.35,-724.35,USD,00:00.0, ,C,,,,0,
DisputeDetails,459633,725786648,AJ,RTM,-687.79,-687.79,USD,1.01E+13,531260XXXXXX1234,,SP,A06,CARDHOLDER DISPUTING CHARGE,,,9/27/2024,10/19/2024,10/20/2024,11/12/2024,,,,933463690,-687.79,-687.79,USD,00:00.0, ,C,,,,0,
DisputeDetails,477615,725828500,CB,ENDINV,553.2,553.2,USD,1.54E+12,452088XXXXXX1234,,VI,13.7,CREDIT NOT PROCESSED,,,7/29/2024,10/17/2024,10/19/2024,11/10/2024,9,,,2.47E+22,553.2,553.2,USD,00:00.0,,,,,,0,
DisputeDetails,477615,725836557,CB,ENDINV,200,200,USD,1.98E+12,452088XXXXXX1234,,VI,10.4,FRAUD TRANS - CARD ABSENT ENVIRONMENT,,,10/17/2024,10/17/2024,10/19/2024,11/4/2024,9,,,2.47E+22,200,200,USD,00:00.0,,,,,,0,
DisputeDetails,477615,725757039,CB,RTM,-400,-400,USD,1.95E+12,452088XXXXXX1234,,VI,10.4,FRAUD TRANS - CARD ABSENT ENVIRONMENT,,,10/11/2024,10/16/2024,10/20/2024,11/3/2024,9,,,2.47E+22,-400,-400,USD,00:00.0,,,,,,0,
DisputeDetails,481062,725838312,CB,ENDINV,3.46,3.46,USD,1.41E+11,541606XXXXXX1234,,MC,37,NO CARDHOLDER AUTHORIZATION,,,9/11/2024,10/19/2024,10/19/2024,11/27/2024,1,,,5.54E+22,3.46,3.46,USD,00:00.0,,,,,,0,
DisputeDetails,481062,725838313,CB,ENDINV,1.5,1.5,USD,1.41E+11,541606XXXXXX1234,,MC,37,NO CARDHOLDER AUTHORIZATION,,,9/11/2024,10/19/2024,10/19/2024,11/27/2024,1,,,5.54E+22,1.5,1.5,USD,00:00.0,,,,,,0,
DisputeDetails,481062,725838314,CB,ENDINV,3.46,3.46,USD,1.41E+11,541606XXXXXX1234,,MC,37,NO CARDHOLDER AUTHORIZATION,,,9/11/2024,10/19/2024,10/19/2024,11/27/2024,1,,,5.54E+22,3.46,3.46,USD,00:00.0,,,,,,0,
DisputeDetails,481062,725838315,CB,ENDINV,1.5,1.5,USD,1.41E+11,541606XXXXXX1234,,MC,37,NO CARDHOLDER AUTHORIZATION,,,9/11/2024,10/19/2024,10/19/2024,11/27/2024,1,,,5.54E+22,1.5,1.5,USD,00:00.0,,,,,,0,
DisputeDetails,481157,725800853,CB,ENDINV,106.65,106.65,USD,2.51E+13,531260XXXXXX1234,,SP,A04,FRAUDULENT TRANSACTION,,,9/20/2024,10/19/2024,10/20/2024,11/12/2024,1,,,,106.65,106.65,USD,00:00.0,,,,,,0,
DisputeDetails,481157,725882121,CB,ENDINV,202.65,202.65,USD,2.52E+13,452088XXXXXX1234,,VI,10.4,FRAUD TRANS - CARD ABSENT ENVIRONMENT,,,10/2/2024,10/18/2024,10/20/2024,11/5/2024,9,,,2.47E+22,202.65,202.65,USD,00:00.0,,,,,,0,
DisputeDetails,481157,725800853,AJ,RECD,106.65,106.65,USD,2.51E+13,531260XXXXXX1234,,SP,A04,FRAUDULENT TRANSACTION,,,9/20/2024,10/19/2024,10/20/2024,11/12/2024,,,,852592683,106.65,106.65,USD,00:00.0, ,C,,,,0,
DisputeDetails,481157,725882121,CB,RECD,202.65,202.65,USD,2.52E+13,452088XXXXXX1234,,VI,10.4,FRAUD TRANS - CARD ABSENT ENVIRONMENT,,,10/2/2024,10/18/2024,10/20/2024,11/5/2024,9,,,2.47E+22,202.65,202.65,USD,00:00.0,,,,,,0,
DisputeDetails,481157,725780377,AJ,RTM,-106.65,-106.65,USD,2.52E+13,531260XXXXXX1234,,NP,A22,PROCESSING ERROR,,,10/1/2024,10/18/2024,10/20/2024,11/11/2024,,,,981023356,-106.65,-106.65,USD,00:00.0, ,C,,,,0,
DisputeDetails,481158,725707339,CB,RTM,-156.65,-156.65,USD,2.45E+13,452088XXXXXX1234,,VI,10.4,FRAUD TRANS - CARD ABSENT ENVIRONMENT,,,7/18/2024,10/16/2024,10/20/2024,11/3/2024,9,,,2.47E+22,-156.65,-156.65,USD,00:00.0,,,,,,0,
DisputeDetails,481158,725773457,AJ,RTM,-96.68,-96.68,USD,2.50E+13,531260XXXXXX1234,,PP,A17,CREDIT NOT PROCESSED,,,9/8/2024,10/18/2024,10/20/2024,11/11/2024,,,,715181681,-96.68,-96.68,USD,00:00.0, ,C,,,,0,
DisputeDetails,485130,725825631,CB,ENDINV,1957.09,1957.09,USD,65607101224,452088XXXXXX1234,,VI,12.6.2,PAID BY OTHER MEANS,,,10/15/2024,10/17/2024,10/19/2024,11/10/2024,9,,,2.47E+22,1957.09,1957.09,USD,00:00.0,,,,,,0,
DisputeDetails,486346,725707779,CB,RTM,-600,-600,USD,1.95E+12,452088XXXXXX1234,,VI,10.4,FRAUD TRANS - CARD ABSENT ENVIRONMENT,,,10/10/2024,10/16/2024,10/20/2024,11/3/2024,9,,,2.47E+22,-600,-600,USD,00:00.0,,,,,,0,
DisputeDetails,486346,725707788,CB,RTM,-55.27,-55.27,USD,1.95E+12,452088XXXXXX1234,,VI,10.4,FRAUD TRANS - CARD ABSENT ENVIRONMENT,,,10/10/2024,10/16/2024,10/20/2024,11/3/2024,9,,,2.47E+22,-55.27,-55.27,USD,00:00.0,,,,,,0,
DisputeDetails,486346,725707906,CB,RTM,-600,-600,USD,1.95E+12,452088XXXXXX1234,,VI,10.4,FRAUD TRANS - CARD ABSENT ENVIRONMENT,,,10/10/2024,10/16/2024,10/20/2024,11/3/2024,9,,,2.47E+22,-600,-600,USD,00:00.0,,,,,,0,
DisputeDetails,486359,725855475,CB,ENDINV,23.26,23.26,USD,1.52E+12,601100XXXXXX1234,,DI,AA,DOES NOT RECOGNIZE,,,7/23/2024,10/18/2024,10/20/2024,11/11/2024,1,,,2.62E+22,23.26,23.26,USD,00:00.0,,,,,,0,
DisputeDetails,486359,725781663,AJ,RECD,164.37,164.37,USD,1.93E+12,531260XXXXXX1234,,AP,A04,FRAUDULENT TRANSACTION,,,10/7/2024,10/18/2024,10/20/2024,11/1/2024,,,,52785742,164.37,164.37,USD,00:00.0,CR,C,2429102IS,,,0,
DisputeDetails,486359,725855475,CB,RECD,23.26,23.26,USD,1.52E+12,601100XXXXXX1234,,DI,AA,DOES NOT RECOGNIZE,,,7/23/2024,10/18/2024,10/20/2024,11/11/2024,1,,,2.62E+22,23.26,23.26,USD,00:00.0,,,,,,0,
DisputeDetails,486359,725781663,AJ,RTM,-164.37,-164.37,USD,1.93E+12,531260XXXXXX1234,,AP,A04,FRAUDULENT TRANSACTION,,,10/7/2024,10/18/2024,10/20/2024,11/1/2024,,,,52785742,-164.37,-164.37,USD,00:00.0, ,C,,,,0,
DisputeDetails,486361,725775968,AJ,RTM,-200,-200,USD,1.91E+12,531260XXXXXX1234,,SP,A06,CARDHOLDER DISPUTING CHARGE,,,10/3/2024,10/18/2024,10/20/2024,11/11/2024,,,,4466295,-200,-200,USD,00:00.0, ,C,,,,0,
DisputeDetails,486594,725775966,AJ,RTM,-108,-108,USD,1.94E+12,531260XXXXXX1234,,SP,A06,CARDHOLDER DISPUTING CHARGE,,,10/8/2024,10/18/2024,10/20/2024,11/11/2024,,,,63981651,-108,-108,USD,00:00.0, ,C,,,,0,
DisputeDetails,496190,725822794,CB,ENDINV,800,800,USD,1.39E+13,452088XXXXXX1234,,VI,10.4,FRAUD TRANS - CARD ABSENT ENVIRONMENT,,,9/30/2024,10/17/2024,10/19/2024,11/4/2024,9,,,2.47E+22,800,800,USD,00:00.0,,,,,,0,
DisputeDetails,496190,725834054,CB,ENDINV,68.57,68.57,USD,1.40E+13,452088XXXXXX1234,,VI,12.6.1,DUPLICATE PROCESSING,,,10/15/2024,10/17/2024,10/19/2024,11/10/2024,9,,,2.47E+22,68.57,68.57,USD,00:00.0,,,,,,0,
DisputeDetails,496193,725728914,CB,RTM,-135.3,-135.3,USD,1.35E+13,452088XXXXXX1234,,VI,10.4,FRAUD TRANS - CARD ABSENT ENVIRONMENT,,,7/15/2024,10/16/2024,10/20/2024,11/3/2024,9,,,2.47E+22,-135.3,-135.3,USD,00:00.0,,,,,,0,
DisputeDetails,583468,725818779,CB,ENDINV,401.85,401.85,USD,6.88E+12,452088XXXXXX1234,,VI,10.4,FRAUD TRANS - CARD ABSENT ENVIRONMENT,,,10/10/2024,10/17/2024,10/19/2024,11/4/2024,9,,,2.47E+22,401.85,401.85,USD,00:00.0,,,,,,0,
DisputeDetails,583468,725818832,CB,ENDINV,401.85,401.85,USD,6.88E+12,452088XXXXXX1234,,VI,10.4,FRAUD TRANS - CARD ABSENT ENVIRONMENT,,,10/10/2024,10/17/2024,10/19/2024,11/4/2024,9,,,2.47E+22,401.85,401.85,USD,00:00.0,,,,,,0,
DisputeDetails,583468,725592840,AJ,RTM,-126.24,-126.24,USD,6.83E+12,531260XXXXXX1234,,PP,A04,FRAUDULENT TRANSACTION,,,9/30/2024,10/17/2024,10/20/2024,11/10/2024,,,,970125505,-126.24,-126.24,USD,00:00.0, ,C,,,,0,
DisputeDetails,584070,725886708,CB,ENDINV,222.69,222.69,USD,1.35E+13,452088XXXXXX1234,,VI,10.4,FRAUD TRANS - CARD ABSENT ENVIRONMENT,,,10/11/2024,10/18/2024,10/20/2024,11/5/2024,9,,,2.47E+22,222.69,222.69,USD,00:00.0,,,,,,0,
DisputeDetails,584070,725886919,CB,ENDINV,239.07,239.07,USD,1.32E+13,452088XXXXXX1234,,VI,12.6.1,DUPLICATE PROCESSING,,,9/20/2024,10/18/2024,10/20/2024,11/11/2024,9,,,2.47E+22,239.07,239.07,USD,00:00.0,,,,,,3,
DisputeDetails,584070,725886708,CB,RECD,222.69,222.69,USD,1.35E+13,452088XXXXXX1234,,VI,10.4,FRAUD TRANS - CARD ABSENT ENVIRONMENT,,,10/11/2024,10/18/2024,10/20/2024,11/5/2024,9,,,2.47E+22,222.69,222.69,USD,00:00.0,,,,,,0,
DisputeDetails,584070,725886919,CB,RECD,239.07,239.07,USD,1.32E+13,452088XXXXXX1234,,VI,12.6.1,DUPLICATE PROCESSING,,,9/20/2024,10/18/2024,10/20/2024,11/11/2024,9,,,2.47E+22,239.07,239.07,USD,00:00.0,,,,,,3,
DisputeDetails,584070,725592841,AJ,RTM,-62.49,-62.49,USD,1.33E+13,531260XXXXXX1234,,NP,A04,FRAUDULENT TRANSACTION,,,9/29/2024,10/17/2024,10/20/2024,10/31/2024,,,,959479319,-62.49,-62.49,USD,00:00.0, ,C,,,,0,
DisputeDetails,584070,725709773,CB,RTM,-45,-45,USD,1.34E+13,452088XXXXXX1234,,VI,10.4,FRAUD TRANS - CARD ABSENT ENVIRONMENT,,,10/7/2024,10/16/2024,10/20/2024,11/3/2024,9,,,2.47E+22,-45,-45,USD,00:00.0,,,,,,0,
DisputeDetails,584070,725721411,CB,RTM,-375.49,-375.49,USD,1.35E+13,452088XXXXXX1234,,VI,12.6.1,DUPLICATE PROCESSING,,,10/14/2024,10/16/2024,10/20/2024,11/9/2024,9,,,2.47E+22,-375.49,-375.49,USD,00:00.0,,,,,,3,
DisputeDetails,606912,725769350,AJ,RTM,-262.35,-262.35,USD,3.12E+13,531260XXXXXX1234,,AP,A04,FRAUDULENT TRANSACTION,,,10/15/2024,10/18/2024,10/20/2024,11/26/2024,,,,145536604,-262.35,-262.35,USD,00:00.0, ,C,,,,0,
DisputeDetails,606913,725894227,CB,ENDINV,222.35,222.35,USD,3.11E+13,452088XXXXXX1234,,VI,10.4,FRAUD TRANS - CARD ABSENT ENVIRONMENT,,,10/9/2024,10/18/2024,10/20/2024,11/5/2024,9,,,2.47E+22,222.35,222.35,USD,00:00.0,,,,,,0,
DisputeDetails,606913,725894227,CB,RECD,222.35,222.35,USD,3.11E+13,452088XXXXXX1234,,VI,10.4,FRAUD TRANS - CARD ABSENT ENVIRONMENT,,,10/9/2024,10/18/2024,10/20/2024,11/5/2024,9,,,2.47E+22,222.35,222.35,USD,00:00.0,,,,,,0,
DisputeDetails,125844,725716436,CB,ENDINV,611.34,611.34,USD,3.11E+13,452088XXXXXX1234,,VI,10.4,FRAUD TRANS - CARD ABSENT ENVIRONMENT,,,10/12/2024,10/16/2024,10/18/2024,11/3/2024,9,,,2.47E+22,611.34,611.34,USD,00:00.0,,,,,,0,
END,EntityId=123456,Frequency=adhoc
